,gi|16763390|ref|NC_003197.1|,gi|16763390|ref|NC_003197.1|,gi|16763390|ref|NC_003197.1|,gi|16763390|ref|NC_003197.1|,gi|16763390|ref|NC_003197.1|,gi|16763390|ref|NC_003197.1|,gi|16763390|ref|NC_003197.1|,gi|16763390|ref|NC_003197.1|,gi|16763390|ref|NC_003197.1|,gi|16763390|ref|NC_003197.1|,gi|16763390|ref|NC_003197.1|,gi|16763390|ref|NC_003197.1|,gi|16763390|ref|NC_003197.1|,gi|16763390|ref|NC_003197.1|,gi|16763390|ref|NC_003197.1|,gi|16763390|ref|NC_003197.1|,gi|16763390|ref|NC_003197.1|,gi|16763390|ref|NC_003197.1|,gi|16763390|ref|NC_003197.1|,gi|16763390|ref|NC_003197.1|,gi|16763390|ref|NC_003197.1|,gi|16763390|ref|NC_003197.1|,gi|16763390|ref|NC_003197.1|,gi|16763390|ref|NC_003197.1|,gi|16763390|ref|NC_003197.1|,gi|16763390|ref|NC_003197.1|,gi|16763390|ref|NC_003197.1|,gi|16763390|ref|NC_003197.1|,gi|16763390|ref|NC_003197.1|,gi|16763390|ref|NC_003197.1|,gi|16763390|ref|NC_003197.1|,gi|16763390|ref|NC_003197.1|,gi|16763390|ref|NC_003197.1|,gi|16763390|ref|NC_003197.1|,gi|16763390|ref|NC_003197.1|,gi|16763390|ref|NC_003197.1|,gi|16763390|ref|NC_003197.1|,gi|16763390|ref|NC_003197.1|,gi|16763390|ref|NC_003197.1|,gi|16763390|ref|NC_003197.1|,gi|16763390|ref|NC_003197.1|,gi|16763390|ref|NC_003197.1|,gi|16763390|ref|NC_003197.1|,gi|16763390|ref|NC_003197.1|,gi|16763390|ref|NC_003197.1|,gi|16763390|ref|NC_003197.1|,gi|16763390|ref|NC_003197.1|,gi|16763390|ref|NC_003197.1|,gi|16763390|ref|NC_003197.1|,gi|16763390|ref|NC_003197.1|,gi|16763390|ref|NC_003197.1|,gi|16763390|ref|NC_003197.1|,gi|16763390|ref|NC_003197.1|,gi|16763390|ref|NC_003197.1|,gi|16763390|ref|NC_003197.1|,gi|16763390|ref|NC_003197.1|,gi|16763390|ref|NC_003197.1|,gi|16763390|ref|NC_003197.1|,gi|16763390|ref|NC_003197.1|,gi|16763390|ref|NC_003197.1|,gi|16763390|ref|NC_003197.1|,gi|16763390|ref|NC_003197.1|,gi|16763390|ref|NC_003197.1|,gi|16763390|ref|NC_003197.1|,gi|16763390|ref|NC_003197.1|,gi|16763390|ref|NC_003197.1|,gi|16763390|ref|NC_003197.1|,gi|16763390|ref|NC_003197.1|,gi|16763390|ref|NC_003197.1|,gi|16763390|ref|NC_003197.1|,gi|16763390|ref|NC_003197.1|,gi|16763390|ref|NC_003197.1|,gi|16763390|ref|NC_003197.1|,gi|16763390|ref|NC_003197.1|,gi|16763390|ref|NC_003197.1|,gi|16763390|ref|NC_003197.1|,gi|16763390|ref|NC_003197.1|,gi|16763390|ref|NC_003197.1|,gi|16763390|ref|NC_003197.1|,gi|16763390|ref|NC_003197.1|,gi|16763390|ref|NC_003197.1|,gi|16763390|ref|NC_003197.1|,gi|16763390|ref|NC_003197.1|,gi|16763390|ref|NC_003197.1|,gi|16763390|ref|NC_003197.1|,gi|16763390|ref|NC_003197.1|,gi|16763390|ref|NC_003197.1|,gi|16763390|ref|NC_003197.1|,gi|16763390|ref|NC_003197.1|,gi|16763390|ref|NC_003197.1|,gi|16763390|ref|NC_003197.1|,gi|16763390|ref|NC_003197.1|,gi|16763390|ref|NC_003197.1|,gi|16763390|ref|NC_003197.1|,gi|16763390|ref|NC_003197.1|,gi|16763390|ref|NC_003197.1|,gi|16763390|ref|NC_003197.1|,gi|16763390|ref|NC_003197.1|,gi|16763390|ref|NC_003197.1|,gi|16763390|ref|NC_003197.1|,gi|16763390|ref|NC_003197.1|,gi|16763390|ref|NC_003197.1|,gi|16763390|ref|NC_003197.1|,gi|16763390|ref|NC_003197.1|,gi|16763390|ref|NC_003197.1|,gi|16763390|ref|NC_003197.1|,gi|16763390|ref|NC_003197.1|,gi|16763390|ref|NC_003197.1|,gi|16763390|ref|NC_003197.1|,gi|16763390|ref|NC_003197.1|,gi|16763390|ref|NC_003197.1|,gi|16763390|ref|NC_003197.1|,gi|16763390|ref|NC_003197.1|,gi|16763390|ref|NC_003197.1|,gi|16763390|ref|NC_003197.1|,gi|16763390|ref|NC_003197.1|,gi|16763390|ref|NC_003197.1|,gi|16763390|ref|NC_003197.1|,gi|16763390|ref|NC_003197.1|,gi|16763390|ref|NC_003197.1|,gi|16763390|ref|NC_003197.1|,gi|16763390|ref|NC_003197.1|,gi|16763390|ref|NC_003197.1|,gi|16763390|ref|NC_003197.1|,gi|16763390|ref|NC_003197.1|,gi|16763390|ref|NC_003197.1|,gi|16763390|ref|NC_003197.1|,gi|16763390|ref|NC_003197.1|,gi|16763390|ref|NC_003197.1|,gi|16763390|ref|NC_003197.1|,gi|16763390|ref|NC_003197.1|,gi|16763390|ref|NC_003197.1|,gi|16763390|ref|NC_003197.1|,gi|16763390|ref|NC_003197.1|,gi|16763390|ref|NC_003197.1|,gi|16763390|ref|NC_003197.1|,gi|16763390|ref|NC_003197.1|,gi|16763390|ref|NC_003197.1|,gi|16763390|ref|NC_003197.1|,gi|16763390|ref|NC_003197.1|,gi|16763390|ref|NC_003197.1|,gi|16763390|ref|NC_003197.1|,gi|16763390|ref|NC_003197.1|,gi|16763390|ref|NC_003197.1|,gi|16763390|ref|NC_003197.1|,gi|16763390|ref|NC_003197.1|,gi|16763390|ref|NC_003197.1|,gi|16763390|ref|NC_003197.1|,gi|16763390|ref|NC_003197.1|,gi|16763390|ref|NC_003197.1|,gi|16763390|ref|NC_003197.1|,gi|16763390|ref|NC_003197.1|,gi|16763390|ref|NC_003197.1|,gi|16763390|ref|NC_003197.1|,gi|16763390|ref|NC_003197.1|,gi|16763390|ref|NC_003197.1|,gi|16763390|ref|NC_003197.1|,gi|16763390|ref|NC_003197.1|,gi|16763390|ref|NC_003197.1|,gi|16763390|ref|NC_003197.1|,gi|16763390|ref|NC_003197.1|,gi|16763390|ref|NC_003197.1|,gi|16763390|ref|NC_003197.1|,gi|16763390|ref|NC_003197.1|,gi|16763390|ref|NC_003197.1|,gi|16763390|ref|NC_003197.1|,gi|16763390|ref|NC_003197.1|,gi|16763390|ref|NC_003197.1|,gi|16763390|ref|NC_003197.1|,gi|16763390|ref|NC_003197.1|,gi|16763390|ref|NC_003197.1|,gi|16763390|ref|NC_003197.1|,gi|16763390|ref|NC_003197.1|,gi|16763390|ref|NC_003197.1|,gi|16763390|ref|NC_003197.1|,gi|16763390|ref|NC_003197.1|,gi|16763390|ref|NC_003197.1|,gi|16763390|ref|NC_003197.1|,gi|16763390|ref|NC_003197.1|,gi|16763390|ref|NC_003197.1|,gi|16763390|ref|NC_003197.1|,gi|16763390|ref|NC_003197.1|,gi|16763390|ref|NC_003197.1|,gi|16763390|ref|NC_003197.1|,gi|16763390|ref|NC_003197.1|,gi|16763390|ref|NC_003197.1|,gi|16763390|ref|NC_003197.1|,gi|16763390|ref|NC_003197.1|,gi|16763390|ref|NC_003197.1|,gi|16763390|ref|NC_003197.1|,gi|16763390|ref|NC_003197.1|,gi|16763390|ref|NC_003197.1|,gi|16763390|ref|NC_003197.1|,gi|16763390|ref|NC_003197.1|,gi|16763390|ref|NC_003197.1|,gi|16763390|ref|NC_003197.1|,gi|16763390|ref|NC_003197.1|,gi|16763390|ref|NC_003197.1|,gi|16763390|ref|NC_003197.1|,gi|16763390|ref|NC_003197.1|,gi|16763390|ref|NC_003197.1|,gi|16763390|ref|NC_003197.1|,gi|16763390|ref|NC_003197.1|,gi|16763390|ref|NC_003197.1|,gi|16763390|ref|NC_003197.1|,gi|16763390|ref|NC_003197.1|,gi|16763390|ref|NC_003197.1|,gi|16763390|ref|NC_003197.1|,gi|16763390|ref|NC_003197.1|,gi|16763390|ref|NC_003197.1|,gi|16763390|ref|NC_003197.1|,gi|16763390|ref|NC_003197.1|,gi|16763390|ref|NC_003197.1|,gi|16763390|ref|NC_003197.1|,gi|16763390|ref|NC_003197.1|,gi|16763390|ref|NC_003197.1|,gi|16763390|ref|NC_003197.1|,gi|16763390|ref|NC_003197.1|,gi|16763390|ref|NC_003197.1|,gi|16763390|ref|NC_003197.1|,gi|16763390|ref|NC_003197.1|,gi|16763390|ref|NC_003197.1|,gi|16763390|ref|NC_003197.1|,gi|16763390|ref|NC_003197.1|,gi|16763390|ref|NC_003197.1|,gi|16763390|ref|NC_003197.1|,gi|16763390|ref|NC_003197.1|,gi|16763390|ref|NC_003197.1|,gi|16763390|ref|NC_003197.1|,gi|16763390|ref|NC_003197.1|,gi|16763390|ref|NC_003197.1|,gi|16763390|ref|NC_003197.1|,gi|16763390|ref|NC_003197.1|,gi|16763390|ref|NC_003197.1|,gi|16763390|ref|NC_003197.1|,gi|16763390|ref|NC_003197.1|,gi|16763390|ref|NC_003197.1|,gi|16763390|ref|NC_003197.1|,gi|16763390|ref|NC_003197.1|,gi|16763390|ref|NC_003197.1|,gi|16763390|ref|NC_003197.1|,gi|16763390|ref|NC_003197.1|,gi|16763390|ref|NC_003197.1|,gi|16763390|ref|NC_003197.1|,gi|16763390|ref|NC_003197.1|,gi|16763390|ref|NC_003197.1|,gi|16763390|ref|NC_003197.1|,gi|16763390|ref|NC_003197.1|,gi|16763390|ref|NC_003197.1|,gi|16763390|ref|NC_003197.1|,gi|16763390|ref|NC_003197.1|,gi|16763390|ref|NC_003197.1|,gi|16763390|ref|NC_003197.1|,gi|16763390|ref|NC_003197.1|,gi|16763390|ref|NC_003197.1|,gi|16763390|ref|NC_003197.1|,gi|16763390|ref|NC_003197.1|,gi|16763390|ref|NC_003197.1|,gi|16763390|ref|NC_003197.1|,gi|16763390|ref|NC_003197.1|,gi|16763390|ref|NC_003197.1|,gi|16763390|ref|NC_003197.1|,gi|16763390|ref|NC_003197.1|,gi|16763390|ref|NC_003197.1|,gi|16763390|ref|NC_003197.1|,gi|16763390|ref|NC_003197.1|,gi|16763390|ref|NC_003197.1|,gi|16763390|ref|NC_003197.1|,gi|16763390|ref|NC_003197.1|,gi|16763390|ref|NC_003197.1|,gi|16763390|ref|NC_003197.1|,gi|16763390|ref|NC_003197.1|,gi|16763390|ref|NC_003197.1|,gi|16763390|ref|NC_003197.1|,gi|16763390|ref|NC_003197.1|,gi|16763390|ref|NC_003197.1|,gi|16763390|ref|NC_003197.1|,gi|16763390|ref|NC_003197.1|,gi|16763390|ref|NC_003197.1|,gi|16763390|ref|NC_003197.1|,gi|16763390|ref|NC_003197.1|,gi|16763390|ref|NC_003197.1|,gi|16763390|ref|NC_003197.1|,gi|16763390|ref|NC_003197.1|,gi|16763390|ref|NC_003197.1|,gi|16763390|ref|NC_003197.1|,gi|16763390|ref|NC_003197.1|,gi|16763390|ref|NC_003197.1|,gi|16763390|ref|NC_003197.1|,gi|16763390|ref|NC_003197.1|,gi|16763390|ref|NC_003197.1|,gi|16763390|ref|NC_003197.1|,gi|16763390|ref|NC_003197.1|,gi|16763390|ref|NC_003197.1|,gi|16763390|ref|NC_003197.1|,gi|16763390|ref|NC_003197.1|,gi|16763390|ref|NC_003197.1|,gi|16763390|ref|NC_003197.1|,gi|16763390|ref|NC_003197.1|,gi|16763390|ref|NC_003197.1|,gi|16763390|ref|NC_003197.1|,gi|16763390|ref|NC_003197.1|,gi|16763390|ref|NC_003197.1|,gi|16763390|ref|NC_003197.1|,gi|16763390|ref|NC_003197.1|,gi|16763390|ref|NC_003197.1|,gi|16763390|ref|NC_003197.1|,gi|16763390|ref|NC_003197.1|,gi|16763390|ref|NC_003197.1|,gi|16763390|ref|NC_003197.1|,gi|16763390|ref|NC_003197.1|,gi|16763390|ref|NC_003197.1|,gi|16763390|ref|NC_003197.1|,gi|16763390|ref|NC_003197.1|,gi|16763390|ref|NC_003197.1|,gi|16763390|ref|NC_003197.1|,gi|16763390|ref|NC_003197.1|,gi|16763390|ref|NC_003197.1|,gi|16763390|ref|NC_003197.1|,gi|16763390|ref|NC_003197.1|,gi|16763390|ref|NC_003197.1|,gi|16763390|ref|NC_003197.1|,gi|16763390|ref|NC_003197.1|,gi|16763390|ref|NC_003197.1|,gi|16763390|ref|NC_003197.1|,gi|16763390|ref|NC_003197.1|,gi|16763390|ref|NC_003197.1|,gi|16763390|ref|NC_003197.1|,gi|16763390|ref|NC_003197.1|,gi|16763390|ref|NC_003197.1|,gi|16763390|ref|NC_003197.1|,gi|16763390|ref|NC_003197.1|,gi|16763390|ref|NC_003197.1|,gi|16763390|ref|NC_003197.1|,gi|16763390|ref|NC_003197.1|,gi|16763390|ref|NC_003197.1|,gi|16763390|ref|NC_003197.1|,gi|16763390|ref|NC_003197.1|,gi|16763390|ref|NC_003197.1|,gi|16763390|ref|NC_003197.1|,gi|16763390|ref|NC_003197.1|,gi|16763390|ref|NC_003197.1|,gi|16763390|ref|NC_003197.1|,gi|16763390|ref|NC_003197.1|,gi|16763390|ref|NC_003197.1|,gi|16763390|ref|NC_003197.1|,gi|16763390|ref|NC_003197.1|,gi|16763390|ref|NC_003197.1|,gi|16763390|ref|NC_003197.1|,gi|16763390|ref|NC_003197.1|,gi|16763390|ref|NC_003197.1|,gi|16763390|ref|NC_003197.1|,gi|16763390|ref|NC_003197.1|,gi|16763390|ref|NC_003197.1|,gi|16763390|ref|NC_003197.1|,gi|16763390|ref|NC_003197.1|,gi|16763390|ref|NC_003197.1|,gi|16763390|ref|NC_003197.1|,gi|16763390|ref|NC_003197.1|,gi|16763390|ref|NC_003197.1|,gi|16763390|ref|NC_003197.1|,gi|16763390|ref|NC_003197.1|,gi|16763390|ref|NC_003197.1|,gi|16763390|ref|NC_003197.1|,gi|16763390|ref|NC_003197.1|,gi|16763390|ref|NC_003197.1|,gi|16763390|ref|NC_003197.1|,gi|16763390|ref|NC_003197.1|,gi|16763390|ref|NC_003197.1|,gi|16763390|ref|NC_003197.1|,gi|16763390|ref|NC_003197.1|,gi|16763390|ref|NC_003197.1|,gi|16763390|ref|NC_003197.1|,gi|16763390|ref|NC_003197.1|,gi|16763390|ref|NC_003197.1|,gi|16763390|ref|NC_003197.1|,gi|16763390|ref|NC_003197.1|,gi|16763390|ref|NC_003197.1|,gi|16763390|ref|NC_003197.1|,gi|16763390|ref|NC_003197.1|,gi|16763390|ref|NC_003197.1|,gi|16763390|ref|NC_003197.1|,gi|16763390|ref|NC_003197.1|,gi|16763390|ref|NC_003197.1|,gi|16763390|ref|NC_003197.1|,gi|16763390|ref|NC_003197.1|,gi|16763390|ref|NC_003197.1|,gi|16763390|ref|NC_003197.1|,gi|16763390|ref|NC_003197.1|,gi|16763390|ref|NC_003197.1|,gi|16763390|ref|NC_003197.1|,gi|16763390|ref|NC_003197.1|,gi|16763390|ref|NC_003197.1|,gi|16763390|ref|NC_003197.1|,gi|16763390|ref|NC_003197.1|,gi|16763390|ref|NC_003197.1|,gi|16763390|ref|NC_003197.1|,gi|16763390|ref|NC_003197.1|,gi|16763390|ref|NC_003197.1|,gi|16763390|ref|NC_003197.1|,gi|16763390|ref|NC_003197.1|,gi|16763390|ref|NC_003197.1|,gi|16763390|ref|NC_003197.1|,gi|16763390|ref|NC_003197.1|,gi|16763390|ref|NC_003197.1|,gi|16763390|ref|NC_003197.1|,gi|16763390|ref|NC_003197.1|,gi|16763390|ref|NC_003197.1|,gi|16763390|ref|NC_003197.1|,gi|16763390|ref|NC_003197.1|,gi|16763390|ref|NC_003197.1|,gi|16763390|ref|NC_003197.1|,gi|16763390|ref|NC_003197.1|,gi|16763390|ref|NC_003197.1|,gi|16763390|ref|NC_003197.1|,gi|16763390|ref|NC_003197.1|,gi|16763390|ref|NC_003197.1|,gi|16763390|ref|NC_003197.1|,gi|16763390|ref|NC_003197.1|,gi|16763390|ref|NC_003197.1|,gi|16763390|ref|NC_003197.1|,gi|16763390|ref|NC_003197.1|,gi|16763390|ref|NC_003197.1|,gi|16763390|ref|NC_003197.1|,gi|16763390|ref|NC_003197.1|,gi|16763390|ref|NC_003197.1|,gi|16763390|ref|NC_003197.1|,gi|16763390|ref|NC_003197.1|,gi|16763390|ref|NC_003197.1|,gi|16763390|ref|NC_003197.1|,gi|16763390|ref|NC_003197.1|,gi|16763390|ref|NC_003197.1|,gi|16763390|ref|NC_003197.1|,gi|16763390|ref|NC_003197.1|,gi|16763390|ref|NC_003197.1|,gi|16763390|ref|NC_003197.1|,gi|16763390|ref|NC_003197.1|,gi|16763390|ref|NC_003197.1|,gi|16763390|ref|NC_003197.1|,gi|16763390|ref|NC_003197.1|,gi|16763390|ref|NC_003197.1|,gi|16763390|ref|NC_003197.1|,gi|16763390|ref|NC_003197.1|,gi|16763390|ref|NC_003197.1|,gi|16763390|ref|NC_003197.1|,gi|16763390|ref|NC_003197.1|,gi|16763390|ref|NC_003197.1|,gi|16763390|ref|NC_003197.1|,gi|16763390|ref|NC_003197.1|,gi|16763390|ref|NC_003197.1|,gi|16763390|ref|NC_003197.1|,gi|16763390|ref|NC_003197.1|,gi|16763390|ref|NC_003197.1|,gi|16763390|ref|NC_003197.1|,gi|16763390|ref|NC_003197.1|,gi|16763390|ref|NC_003197.1|,gi|16763390|ref|NC_003197.1|,gi|16763390|ref|NC_003197.1|,gi|16763390|ref|NC_003197.1|,gi|16763390|ref|NC_003197.1|,gi|16763390|ref|NC_003197.1|,gi|16763390|ref|NC_003197.1|,gi|16763390|ref|NC_003197.1|,gi|16763390|ref|NC_003197.1|,gi|16763390|ref|NC_003197.1|,gi|16763390|ref|NC_003197.1|,gi|16763390|ref|NC_003197.1|,gi|16763390|ref|NC_003197.1|,gi|16763390|ref|NC_003197.1|,gi|16763390|ref|NC_003197.1|,gi|16763390|ref|NC_003197.1|,gi|16763390|ref|NC_003197.1|,gi|16763390|ref|NC_003197.1|,gi|16763390|ref|NC_003197.1|,gi|16763390|ref|NC_003197.1|,gi|16763390|ref|NC_003197.1|,gi|16763390|ref|NC_003197.1|,gi|16763390|ref|NC_003197.1|,gi|16763390|ref|NC_003197.1|,gi|16763390|ref|NC_003197.1|,gi|16763390|ref|NC_003197.1|,gi|16763390|ref|NC_003197.1|,gi|16763390|ref|NC_003197.1|,gi|16763390|ref|NC_003197.1|,gi|16763390|ref|NC_003197.1|,gi|16763390|ref|NC_003197.1|,gi|16763390|ref|NC_003197.1|,gi|16763390|ref|NC_003197.1|,gi|16763390|ref|NC_003197.1|,gi|16763390|ref|NC_003197.1|,gi|16763390|ref|NC_003197.1|,gi|16763390|ref|NC_003197.1|,gi|16763390|ref|NC_003197.1|,gi|16763390|ref|NC_003197.1|,gi|16763390|ref|NC_003197.1|,gi|16763390|ref|NC_003197.1|,gi|16763390|ref|NC_003197.1|,gi|16763390|ref|NC_003197.1|,gi|16763390|ref|NC_003197.1|,gi|16763390|ref|NC_003197.1|,gi|16763390|ref|NC_003197.1|,gi|16763390|ref|NC_003197.1|,gi|16763390|ref|NC_003197.1|,gi|16763390|ref|NC_003197.1|,gi|16763390|ref|NC_003197.1|,gi|16763390|ref|NC_003197.1|,gi|16763390|ref|NC_003197.1|,gi|16763390|ref|NC_003197.1|,gi|16763390|ref|NC_003197.1|,gi|16763390|ref|NC_003197.1|,gi|16763390|ref|NC_003197.1|,gi|16763390|ref|NC_003197.1|,gi|16763390|ref|NC_003197.1|,gi|16763390|ref|NC_003197.1|,gi|16763390|ref|NC_003197.1|,gi|16763390|ref|NC_003197.1|,gi|16763390|ref|NC_003197.1|,gi|16763390|ref|NC_003197.1|,gi|16763390|ref|NC_003197.1|,gi|16763390|ref|NC_003197.1|,gi|16763390|ref|NC_003197.1|,gi|16763390|ref|NC_003197.1|,gi|16763390|ref|NC_003197.1|,gi|16763390|ref|NC_003197.1|,gi|16763390|ref|NC_003197.1|,gi|16763390|ref|NC_003197.1|,gi|16763390|ref|NC_003197.1|,gi|16763390|ref|NC_003197.1|,gi|16763390|ref|NC_003197.1|,gi|16763390|ref|NC_003197.1|,gi|16763390|ref|NC_003197.1|,gi|16763390|ref|NC_003197.1|,gi|16763390|ref|NC_003197.1|,gi|16763390|ref|NC_003197.1|,gi|16763390|ref|NC_003197.1|,gi|16763390|ref|NC_003197.1|,gi|16763390|ref|NC_003197.1|,gi|16763390|ref|NC_003197.1|,gi|16763390|ref|NC_003197.1|,gi|16763390|ref|NC_003197.1|,gi|16763390|ref|NC_003197.1|,gi|16763390|ref|NC_003197.1|,gi|16763390|ref|NC_003197.1|,gi|16763390|ref|NC_003197.1|,gi|16763390|ref|NC_003197.1|,gi|16763390|ref|NC_003197.1|
,831,2096,15775,20011,23058,23156,26004,34091,34754,35965,54863,55996,63253,70089,71383,80521,87074,91041,91336,99551,103018,104421,107231,110754,123364,127747,134492,135868,153820,166348,169825,177553,180034,180035,184305,184306,185058,185256,192226,203177,215515,228054,240045,242152,255291,262092,264106,272969,279075,295760,298021,304582,307628,312123,337273,341734,341796,346696,359602,379060,382751,383521,389715,390850,432849,433146,450071,453047,462747,463791,465204,482756,485801,508382,510179,512171,518770,524450,529883,550434,554049,554796,559422,580176,585747,587295,588425,603166,627098,630704,632172,637394,643756,649578,650671,656075,660265,660389,663064,672108,672516,681006,696564,708149,717489,719621,723663,729093,731048,734482,742215,748711,751677,755687,757823,761623,771212,773204,779768,797195,823015,827228,842595,842773,845874,849044,857768,877191,905034,939071,945691,951136,953338,955747,960593,1006260,1010626,1016587,1016588,1017401,1041724,1043107,1056907,1068646,1077001,1152488,1156213,1157968,1159447,1186244,1188121,1197770,1212882,1216790,1227565,1237939,1250251,1251870,1252452,1253962,1295482,1297827,1300412,1328310,1343087,1345335,1351518,1353790,1361658,1367198,1376514,1386863,1388808,1399878,1418133,1421248,1423128,1434552,1434804,1436405,1438217,1441370,1443088,1455974,1469873,1469905,1475448,1475791,1477604,1479344,1503292,1503293,1509948,1520176,1520177,1528912,1536627,1536628,1552081,1552325,1562642,1572232,1582300,1603483,1614073,1616329,1619408,1629133,1634667,1640110,1642995,1648363,1662290,1686788,1693045,1694841,1696282,1714858,1715973,1715974,1734882,1752424,1753235,1760231,1766075,1767667,1776290,1791603,1791955,1794104,1802625,1819111,1821180,1832849,1866600,1882182,1885235,1885975,1891427,1896582,1924613,1924975,1931734,1938616,1939956,1943672,1985097,2013367,2019560,2026918,2030723,2037109,2041419,2055379,2067721,2071269,2083488,2084385,2094081,2096138,2101442,2110162,2123545,2123666,2147801,2171457,2190240,2194910,2204926,2208952,2211820,2219610,2219978,2223484,2225860,2228198,2233063,2250050,2256194,2260019,2282123,2285729,2292650,2301558,2356160,2370614,2376488,2390185,2390879,2391276,2465452,2467952,2470606,2473030,2478628,2535477,2537941,2537942,2541905,2544322,2550665,2550666,2552605,2563057,2565589,2584636,2584998,2586108,2590671,2594861,2618816,2624168,2627901,2629307,2636460,2637463,2641296,2642351,2659303,2659367,2661659,2668958,2695983,2696246,2698341,2700645,2720067,2721523,2726129,2788821,2823633,2937202,2939015,2940892,2948018,2948225,2952081,2954098,2961288,2975442,2983237,2985352,2991947,2996778,2996779,3005617,3010824,3053386,3055765,3055950,3056329,3056347,3059163,3059472,3066486,3079061,3093568,3094880,3096598,3116518,3116640,3119237,3120407,3120761,3123348,3123349,3127204,3142814,3154019,3154020,3160598,3167119,3181796,3185984,3188690,3197389,3217559,3219132,3219133,3237477,3237711,3238596,3242909,3243105,3245958,3248790,3249039,3264056,3278781,3286324,3286531,3294198,3294569,3301720,3306690,3314275,3318138,3322085,3332793,3333171,3346013,3369790,3375414,3380076,3391158,3402615,3404997,3426735,3442687,3447713,3481993,3484511,3490577,3491775,3513660,3525112,3534782,3540267,3595755,3596704,3596727,3609825,3612722,3617896,3619657,3623270,3633454,3634258,3670795,3676592,3681781,3682652,3693898,3695761,3700403,3715500,3715662,3717410,3718976,3723167,3732617,3755210,3777169,3791696,3795998,3798330,3801032,3826329,3835448,3841447,3848519,3848536,3851361,3862449,3874213,3878678,3892209,3906689,3906733,3907096,3915074,3932528,3938762,3948001,3950714,3963918,3974491,4004494,4006079,4050025,4050785,4084165,4098016,4112694,4115874,4137573,4140028,4158327,4166265,4169785,4170512,4174073,4186828,4212874,4219360,4234300,4256890,4260510,4269000,4273259,4281820,4282003,4294985,4303798,4306546,4313563,4313609,4314637,4316107,4317766,4319888,4340076,4366519,4369438,4377220,4384227,4400415,4407137,4414011,4414152,4582025,4582487,4590084,4594426,4597156,4599152,4602744,4603961,4605299,4615424,4615702,4620551,4622105,4629763,4631400,4631401,4653583,4657704,4663927,4664869,4665631,4672647,4688204,4696102,4696794,4776612,4779280,4781357,4802775,4809660,4810102,4815318,4832867,4832868,4845204,4850062
reference,T,A,T,C,C,A,C,A,C,A,G,A,G,G,A,A,T,T,G,T,T,C,A,C,G,T,A,T,C,A,A,A,C,G,C,G,G,A,A,T,C,C,A,C,T,G,G,G,G,G,G,C,A,C,A,C,T,G,A,C,C,C,T,G,A,G,C,C,A,A,A,C,C,G,G,C,T,C,A,C,A,T,G,T,C,G,T,C,T,G,C,C,T,G,G,C,T,T,T,C,T,C,C,G,G,A,C,T,C,C,C,A,G,C,G,G,A,A,A,T,T,C,T,C,C,C,T,G,C,A,C,C,C,G,G,A,C,C,G,G,G,C,A,C,G,T,G,G,A,A,A,A,G,A,G,C,G,T,A,A,A,C,G,T,G,G,A,C,C,C,A,T,T,A,G,C,G,G,C,A,C,C,G,C,C,C,T,T,G,C,C,G,G,C,G,C,C,G,C,C,A,T,T,T,C,C,C,T,G,G,C,C,C,G,G,T,C,A,C,G,G,C,A,A,A,G,G,C,G,A,A,A,C,T,C,C,T,C,C,A,G,G,T,C,T,C,G,C,G,T,A,C,G,C,A,C,A,G,C,G,T,C,T,T,A,G,A,C,T,A,C,G,C,A,G,G,T,C,G,A,C,C,A,T,T,T,T,C,G,C,T,A,A,C,A,T,C,G,A,T,C,G,A,G,A,A,T,A,A,A,G,A,A,G,C,G,G,G,T,G,G,G,G,T,A,G,A,G,A,G,C,G,C,A,A,T,A,G,G,G,C,G,C,C,G,A,T,G,A,A,A,T,C,G,A,A,C,G,T,C,G,G,T,G,C,G,G,G,C,G,G,G,T,A,A,C,G,C,G,T,T,C,C,G,T,A,G,C,G,A,G,C,C,T,G,G,A,T,T,A,A,G,C,G,G,G,T,C,T,G,G,G,A,C,G,G,A,G,C,C,T,G,G,C,G,C,A,G,C,A,C,C,A,G,G,C,G,T,G,T,T,A,C,G,C,C,A,G,G,C,C,A,A,A,A,C,A,G,A,T,G,A,G,C,C,A,C,C,G,C,T,C,G,T,C,A,G,G,C,C,C,G,T,C,C,T,C,G,T,C,A,C,A,C,T,C,A,C,C,T,C,C,A,C,A,G,C,C,C,C,C,T,G,C,C,T,A,T,T,C,G,C,T,T,C,G,C,G,T,T,T,C,A,A,A,T,T,G,C,T,G,C,C,G,A,A
10_L008_O,C,G,G,T,A3,G3,A,G3,G3,G,A,G,A6,A,G,G,C1,C,A,G,G,A,T1,A,A,C,C4,C,T,G,G,G,G,C,G,C,G1,G,T,G,T,T,C,A,A,T,A1,A,A,A,T,C,G,T,G4,T,C,T,G,T,T,T,C,A,G,A,T,T,G,G1,C1,A,T,T,A,T,G,T1,T,T,C,G,A,G,T,A,A,T,C,A,T3,T,C,T4,A,A4,G,C,C4,A,C,T,T,T,T1,C,C,G,T,T,T,G,G,T,A,A,G,G,T,C,C,T3,C,T,T,T,C,T,T,C,T1,T,T,A3,A,G,T4,G,C,T,G,A,G,T,A,C,A,A1,G,G,G4,G4,A4,G,T,A,A,C,G3,G,T1,T,A,G,A,C,G3,T,A,C,T,C,G,G2,A,T,A,A,A,C,T,A1,A,C,T,T,C,G1,T,T3,G,C,A,G,C,T,G,C,A,T,G,C,C1,C,C,C1,C,G,A,T,T,T,T,A,A,C,T1,G,G,C,T,A,C,G3,C,T,A,T4,A,G,G,C,T,C,C,T,C,A1,G,T,A,A,G3,T,C,A,G,C,G,C,C,G,G,T,C,G1,C,T2,T2,A2,G,G,C,C,G,A1,G3,T,C,G,T,A,T3,G,A3,T,C,A,A,G,T3,A,G,C4,C,C,C,A,A,T,G,G,G,T,C,C,G,C,T,C,G,C,G,A,G,G,C,G,G,G,A,G,G,A,A,C,A,A,A,A,C,A,T,G,C4,A,G,A,G,A,T,A,T,G,G3,C3,C,T,A,A,A4,T,A,G,C,C,C3,A,G,G,G,A,T,A,T1,C4,A,T,G,T,A,A,C,A,G,C,T3,A,G,C,A1,A,C,G,C,T,A,G,C,C,G,T,T,A,C4,C4,A3,T,T,C,T,A,T,C,A,T,G,C,C,G,C1,T,G,T3,A,A,C,A,C,A,C1,A1,G,A3,A4,A,G,A,A,T,T,T,A,A,A,A,C,A,T,G,A,A,C1,A,A,A1,A,C,A,C,C,G,T,G1,A1,A1,G,A,A3,T,T3,G3,G,G1,G,A,G,A,G,G,T,G1,A,T4,A,G,T,G,A,A,A,T1,G,C,T,G,C,A,T,T,T,A,C,T,T,C,T,A,C,A,G,T,G,A,C,T,G,A4,T,G,T,T,G,T,C4,A,A3,T,A,T,T,A1,A,T,T4,C,C,A,G,T,A,T,C,C1,G,C,T,G,C,C,C4,T,G,G,G,C3,C,T,T,C1,T,T,G,C,G,C
11_L008_O,C,G,G,T,A4,G4,A4,G3,G4,G1,A,G,A4,A,G,G,C1,C,A,G,G,A,T,A,A,C,C3,C,T,G,G,G4,G,C,G,C,A,G,T,G,T,T,C,A3,A1,T,A1,A,A1,A,T,C,G,T,G4,T,C,T3,G,T,T,T,C,A,G4,A,T,T,G,G,C1,A1,T,T,A,T,G,T,T,T,C,G,A,G,T,A,A,T,C,A,T3,T,C4,T3,A,A3,G3,C3,C,A,C,T,T1,T,T1,C,C4,G,T,T,T,G,G,T,A,A,G,G,T,C1,C,T3,C,T,T,T,C4,T,T,C,T1,T,T,A,A,G,T4,G,C,T4,G,A,G,T,A,C,A,A,G,G,G4,G,A,G,T,A,A,C4,G3,G,T,T,A,G4,A,C1,G3,T,A,C,T,C,G3,G2,A,T,A,A,A,C,T4,A1,A,C,T,T,C,G1,T,T,G,C,A,G,C,T,G,C,A,T,G,C3,C1,C,C,C,C,G,A,T,T,T,T,A,A3,C,T1,G,G,C,T,A,C,G4,C,T,A,T3,A,G,G,C,T,C4,C4,C4,C4,C4,C4,C4,A,A,G3,T,C,A,G,C4,G4,C4,C,G,G,T,C,G,C,T2,T2,A2,G,G,C,C,G,A,G,T,C,G4,T,A,T3,G,A3,T3,C4,A,A,G,T3,A4,G,C4,C,C,C,A,A,T,G1,G,G,T,C,C,G,C,T,C4,G,C,G1,A,G,G,C,G,G1,G,A,G,G,A,A,C,A,A,A,A,C,A1,T,G,C4,A,G,A,G,A,T,A,T,G,G,C,C,T,A,A,A,T,A,G,C,C,C3,A,G,G,G,A,T,A,T1,C4,A,T,G,T,A,A,C,A,G,C,T3,A4,G,C,A1,A,C,G,C,T,A,G,C,C,G,T,T,A,C3,C4,A,T,T,C,T,A,T,C,A,T,G,C,C,G,C1,T,G,T4,A,A,C3,A,C,A,C,A1,G,A3,A4,A4,G,A,A,T,T,T,A,A,A,A,C,A,T,G,A3,A,C1,A,A,A1,A,C,A,C,C,G,T,G,A,A,G,A,A,T,T4,G3,G,G1,G,A,G,A,G,G,T,G1,A,T,A,G,T,G1,A,A,A,T1,G,C,T4,G,C,A,T,T,T,A,C,T,T,C,T,A3,C,A,G,T3,G,A,C,T,G,A4,T,G,T,T,G,T,C4,A,A3,T,A,T,T1,A1,A,T1,T4,C,C,A,G,T,A,T,C,C,G,C,T,G,C,C,C4,T,G,G,G,C3,C,T,T,C,T,T,G,C,G,C1
14_L008_O,C,G,G4,T1,A6,G6,A,G6,G6,G6,A,G,A,A,G,G,C1,C,A,G,G,A,T1,A,A,C,C4,C,T,G,G,G,G,C,G,C,G,G,T,G,T,T,C,A,A1,T,A1,A,A,A,T,C,G,T,G6,T,C,T,G,T6,T,T,C,A,G,A,T,T,G,G1,C1,A,T,T,A,T,G,T1,T6,T,C,G,A,G,T,A,A,T,C,A,T,T,C,T6,A,A4,G,C,C,A,C,T,T,T,T1,C,C,G,T,T,T,G,G,T,A,A,G,G,T,C1,C,T6,C,T,T,T,C,T,T,C,T1,T,T6,A,A,G,T,G,C,T,G,A,G1,T,A,C,A,A1,G,G,G4,G,A,G,T,A,A,C,G,G,T,T,A,G6,A,C,G,T,A,C,T,C,G,G2,A,T,A,A,A,C,T4,A1,A,C,T,T,C,G1,T,T6,G,C,A,G,C,T,G,C,A,T,G,C,C1,C,C,C,C,G,A,T,T,T,T,A,A4,C,T1,G,G,C,T,A,C,G6,C,T,A,T6,A6,G,G,C,T,C,C7,C7,C7,C7,C7,C7,A,A,G6,T,C,A,G,C,G,C,C,G,G,T,C,G,C,T2,T2,A2,G,G,C,C,G,A6,G,T,C,G,T,A,T,G,A,T,C,A,A,G,T6,A,G,C4,C,C,C,A,A,T,G1,G,G,T4,C,C,G,C,T,C4,G,C,G1,A,G,G,C,G,G,G,A,G4,G,A,A,C,A,A,A,A,C,A,T,G,C6,A,G,A,G,A,T,A,T,G,G6,C6,C,T,A6,A,A6,T,A,G,C,C,C6,A,G,G,G,A,T,A,T1,C6,A,T,G4,T,A,A,C,A,G,C,T,A,G,C,A1,A,C,G,C,T,A6,G,C,C,G,T,T,A,C4,C,A4,T,T,C,T,A,T,C,A,T3,G,C,C,G,C1,T,G,T6,A,A,C4,A,C,A,C1,A,G,A,A,A,G,A,A,T,T,T,A,A,A,A,C,A,T,G,A,A,C1,A1,A,A1,A,C,A,C,C,G,T,G1,A1,A1,G,A,A,T,T,G,G,G1,G,A,G,A,G,G1,T6,G,A,T,A,G,T,G,A,A,A6,T1,G,C,T,G,C,A,T,T,T,A,C1,T,T1,C,T,A,C,A,G,T,G,A,C,T,G,A6,T6,G,T,T,G,T,C6,A,A6,T,A,T,T1,A1,A,T,T6,C,C,A,G,T6,A,T,C,C1,G,C,T,G,C,C6,C6,T,G,G,G,C6,C6,T,T,C1,T,T,G,C,G,C1
15_L008_O,C,G,G,T1,A,G,A,G6,G6,G6,A,G,A1,A,G,G,C1,C,A,G,G,A,T1,A,A,C,C3,C,T,G,G,G,G,C,G,C,G,G,T,G,T,T,C,A,A1,T,A1,A,A,A,T,C,G,T,G3,T,C,T,G,T,T,T,C,A,G,A,T,T3,G,G,C1,A,T,T,A,T,G,T1,T,T,C,G,A,G4,T,A,A,T,C,A,T,T,C,T4,A,A,G,C,C,A,C,T,T,T,T1,C,C,G,T,T,T,G,G,T,A,A,G,G,T,C,C,T3,C,T,T,T,C,T,T,C,T1,T,T6,A4,A,G,T,G,C,T,G,A,G1,T,A,C,A,A,G,G,G,G,A,G,T,A,A,C,G,G,T,T,A,G6,A,C,G,T,A,C,T,C,G,G2,A,T,A,A,A,C,T4,A1,A,C,T,T,C,G1,T1,T4,G,C,A,G,C,T,G,C,A,T,G,C,C1,C,C,C1,C,G,A,T,T,T,T,A,A4,C,T1,G,G,C,T,A,C,G4,C,T,A,T3,A,G,G,C,T,C,C7,C7,C7,C7,C7,C7,A,A,G4,T,C,A,G,C,G,C,C,G,G,T,C,G,C,T2,T2,A2,G,G,C,C,G,A1,G,T,C,G,T,A,T,G,A,T,C1,A,A,G,T,A,G,C4,C,C,C,A,A,T,G,G,G,T,C,C,G,C,T,C,G,C,G,A,G,G,C,G,G,G,A,G,G,A,A,C,A,A,A,A,C,A,T,G,C4,A,G,A,G,A,T,A1,T,G,G3,C3,C,T,A,A,A,T,A,G,C,C,C,A,G,G,G,A,T,A,T1,C3,A,T,G,T,A,A,C,A,G,C,T,A,G,C,A1,A,C,G,C,T,A,G,C,C,G,T,T,A,C4,C,A,T,T,C,T,A,T,C,A,T3,G,C,C,G,C,T,G1,T4,A,A,C,A,C,A,C1,A1,G,A3,A,A,G,A,A,T,T,T,A1,A,A,A,C,A,T,G,A,A,C1,A,A,A1,A,C,A,C,C,G,T,G1,A1,A1,G,A,A,T,T,G,G,G,G,A,G1,A,G,G,T,G1,A,T,A,G,T,G,A,A,A,T1,G,C,T,G,C,A,T,T,T,A,C6,T,T1,C,T,A,C,A,G,T,G,A,C,T,G,A4,T,G,T,T,G,T1,C6,A,A,T,A,T,T,A1,A,T,T6,C,C,A,G,T,A,T,C,C,G,C,T,G,C,C6,C6,T,G,G,G,C6,C6,T,T1,C,T,T,G,C,G,C1
16_L008_O,C,G,G4,T,A,G,A,G6,G6,G,A,G,A,A,G,G,C1,C,A,G,G,A,T1,A,A,C,C3,C1,T,G,G,G,G,C,G,C,G,G,T3,G,T,T,C,A,A1,T,A1,A,A,A1,T,C,G,T,G3,T1,C4,T,G,T,T1,T,C,A,G,A,T,T,G,G1,C1,A,T,T,A,T,G,T,T,T,C,G,A,G,T,A,A,T,C,A,T3,T,C4,T3,A,A,G,C,C,A,C,T,T,T,T1,C,C,G,T,T,T,G,G,T,A,A,G,G,T,C1,C,T3,C,T,T,T,C,T,T,C,T1,T,T6,A,A,G,T4,G,C,T,G,A,G1,T,A,C,A,A1,G,G,G4,G,A,G,T,A,A,C,G,G,T,T,A,G6,A,C,G,T,A,C,T,C,G,G2,A,T,A,A,A,C,T4,A1,A,C,T,T,C,G1,T,T3,G,C,A,G,C,T,G,C,A,T,G,C,C1,C,C,C1,C,G,A,T,T,T,T,A,A,C,T1,G,G,C,T,A1,C,G4,C,T,A,T3,A,G,G,C,T,C,C7,C7,C7,C7,C7,C7,A,A,G4,T,C,A,G,C,G,C,C,G,G,T,C,G1,C,T2,T2,A2,G,G,C,C,G,A,G,T,C,G4,T,A,T,G,A,T,C1,A,A,G,T,A,G,C4,C,C,C,A,A,T,G1,G,G,T4,C,C,G,C,T,C,G,C,G1,A,G,G,C,G,G,G,A,G,G,A,A,C,A,A,A,A,C,A,T,G,C,A,G,A,G,A,T,A,T,G3,G4,C3,C,T,A,A,A,T,A,G,C,C,C3,A,G,G,G,A,T,A,T1,C3,A,T,G,T,A,A,C,A,G,C,T,A,G1,C1,A1,A,C,G,C,T,A,G,C,C,G,T,T1,A1,C4,C,A4,T,T,C,T,A,T,C,A,T,G,C,C,G,C,T,G,T3,A,A,C,A,C,A,C,A,G,A3,A,A,G,A,A,T,T,T,A1,A,A,A1,C,A,T,G,A,A,C1,A,A,A1,A,C,A,C,C,G,T,G,A,A,G,A,A,T,T4,G3,G,G,G,A,G1,A,G,G,T,G,A,T,A,G,T,G,A,A1,A,T1,G,C,T,G,C,A,T,T,T,A,C,T,T,C,T,A,C,A,G,T,G,A,C,T,G,A,T,G,T,T,G1,T,C,A,A,T,A,T,T,A1,A,T,T6,C,C1,A,G,T,A,T,C,C1,G,C,T,G,C,C,C4,T,G,G,G,C6,C,T,T,C1,T,T,G,C,G,C1
17_L008_O,C,G,G,T1,A6,G6,A,G6,G6,G6,A,G,A6,A,G,G,C1,C,A,G,G,A,T,A,A,C,C6,C,T,G,G,G,G,C,G,C,G,G,T,G,T,T,C,A,A1,T,A1,A,A,A,T,C,G,T6,G6,T,C4,T,G,T6,T,T,C,A,G,A,T,T,G,G,C,A,T,T,A,T,G,T,T6,T,C,G,A,G,T,A,A,T,C,A,T,T,C4,T6,A,A,G,C,C,A,C,T,T,T,T1,C,C,G,T,T,T,G6,G,T,A,A,G,G,T,C,C,T6,C,T,T,T,C,T,T,C,T1,T,T6,A,A,G,T4,G,C,T,G,A,G1,T,A,A7,A7,A7,A7,A7,A7,A7,A7,A7,T,A,A,C,G,G,T,T6,A,G6,A,C,G,T,A,C,T,C,G,G2,A,T,A,A,A,C,T,A1,A,C,T,T,C,G1,T,T6,G,C,A,G,C,T,G,C,A,T,G1,C,C1,C,C,C,C,G,A,T,T,T,T,A,A6,C,T1,G,G,C,T,A,C,G6,C6,T,A,T6,A6,G,G,C,T,C,G7,G7,G7,G7,G7,G7,A,A,G6,T,C,A,G,C,G,C,C,G,G,T,C,G,C,T2,T2,A2,G,G,C,C,G,A6,G,T,C,G,T,A,T,G,A,T,C,A,A,G,T,A,G,C4,C,C,C,A,A,T,G,G,G,T,C,C,G,C,T,C,G,C,G1,A,G,G,C,G,G,G,A,G4,G,A,A,C,A,A,A,A,C,A,T,G,C6,A,G,A,G,A,T,A,T,G,G6,C6,C,T,A6,A,A,T,A,G,C,C,C6,A,G,G,G,A,T,A,T1,C6,A,T,G,T,A,A,C,A,G,C,T,A,G,C,A1,A,C,G,C,T,A,G,C,C,G,T,T,A,C,C,A4,T,T,C,T,A,T,C,A,T,G,C,C,G,C1,T,G1,T6,A,A,C,A,C,A,C1,A,G,A,A,A,G1,A,A,T,T,T,A,A,A,A,C,A,T,G,A,A,C1,A1,A,A1,A,C,A,C,C6,G,T,G1,A1,A1,G,A,A,T,T,G,G,G,G,A,G1,A,G,G,T6,G,A,T,A,G,T,G,A,A1,A6,T1,G,C6,T,G,C,A,T,T,T,A,C6,T,T,C,T,A6,C,A,G,T,G,A,C,T,G,A6,T6,G,T,T,G1,T,C6,A,A6,T,A,T,T,A1,A,T,T6,C,C,A,G,T6,A,T,C,C,G,C,T6,G,C,C6,C6,T,G,G,G,C6,C6,T,T,C,T,T,G,C,G,C1
18_L008_O,C,G,G6,T,A6,G6,A,G6,G6,G6,A,G,A6,A,G,G,C1,C,A,G,G,A,T1,A,A,C,C6,C,T,G,G,G,G6,C6,G,C,G,G,T6,G,T,T,C,A,A1,T,A1,A,A,A,T,C,G,T6,G6,T,C,T,G,T6,T,T,C,A,G,A,T,T,G,G1,C1,A,T,T,A,T,G,T,T6,T,C,G,A,G,T,A,A,T,C,A,T,T,C,T6,A,A6,G6,C6,C,A,C,T,T,T,T1,C,C,G,T,T,T,G6,G,T,A,A,G,G,T,C1,C,T6,C,T,T,T,C,T,T,C,T1,T,T6,A,A,G,T,G,C,T,G,A,G1,T,A,A7,A7,A7,A7,A7,A7,A7,A7,A7,T,A,A,C,G,G,T,T6,A,G6,A,C,G,T,A,C,T,C,G,G2,A,T,A,A,A,C,T,A,A,C,T,T,C,G1,T,T6,G,C,A,G,C,T,G,C,A,T,G,C,C1,C,C,C1,C,G,A,T,T,T,T,A1,A6,C,T1,G,G,C,T,A,C,G6,C,T,A,T6,A6,G,G,C,T,C,C,T,C,A1,G,T6,A,A,G6,T,C,A,G,C,G,C,C,G,G,T,C,G1,C,T2,T6,A2,G,G,C,C,G,A6,G,T,C,G,T,A6,T6,G,A,T,C1,A,A,G,T6,A,G,C,C,C,C,A,A,T,G,G,G,T,C,C,G,C,T,C,G,C,G1,A,G,G,C,G,G,G,A,G,G,A,A,C6,A,A,A,A,C,A,T,G,C6,A,G,A,G,A,T,A,T,G,G6,C6,C,T,A6,A,A6,T,A,G,C,C,C6,A,G,G,G,A,T,A,T,C6,A6,T,G,T,A,A,C,A,G,C,T6,A,G,C,A1,A,C,G,C,T,A6,G,C,C,G,T,T,A,C4,C,A4,T,T,C,T,A1,T1,C,A,T6,G,C,C,G,C1,T,G,T6,A,A,C,A,C,A,C1,A,G,A6,A,A,G,A,A,T,T,T,A,A,A,A,C,A,T,G6,A6,A,C1,A,A,A1,A,C,A,C,C6,G,T,G1,A1,A1,G,A,A6,T,T,G,G,G,G,A,G,A,G,G,T6,G,A,T,A,G,T,G,A,A1,A6,T1,G,C6,T,G,C,A6,T,T,T,A,C6,T,T1,C,T,A6,C,A,G,T,G,A,C,T,G,A6,T6,G,T,T,G,T,C6,A,A6,T,A,T,T,A1,A,T,T6,C,C,A,G,T6,A,T,C,C1,G6,C6,T6,G,C6,C6,C6,T,G,G,G,C6,C6,T,T,C1,T,T,G,C,G,C1
1_L008_O,C,G,G6,T1,A6,G6,A,G6,G6,G6,A,G,A6,A,G,G,C1,C,A,G,G,A,T1,A,A,C,C6,C,T,G,G,G,G,C,G,C,G,G,T,G,T,T,C,A,A,T,A1,A,A,A,T,C,G,T6,G6,T6,C6,T6,G,T6,T,T,C6,A6,G,A,T,T,G,G1,C1,A,T,T,A,T,G,T1,T6,T,C,G,A,G,T,A,A,T,C,A6,T6,T,C6,T6,A,A6,G,C,C,A6,C6,T,T6,T,T6,C,C,G,T,T,T,G6,G,T,A,A,G,G,T,C,C,T6,C6,T6,T,T,C,T,T,C,T1,T,T6,A,A,G,T,G,C,T,G,A,G1,T1,A,C,A,A,G,G,G6,G6,A,G,T,A,A,C,G,G,T,T6,A,G6,A,C,G6,T,A,C,T,C,G,G2,A,T,A6,A,A,C,T,A1,A,C,T,T,C,G1,T,T6,G,C,A,G,C,T,G,C,A,T,G,C,C1,C,C,C,C6,G,A,T,T,T,T,A,A6,C,T1,G6,G,C,T,A,C,G6,C6,T,A,T6,A6,G,G,C,T,C1,C,T,C,A1,G,T,A,A,G6,T,C,A,G,C,G,C6,C,G,G6,T6,C6,G,C,T2,T2,A2,G,G,C,C,G,A6,G,T,C,G,T,A,T,G,A6,T,C,A,A,G,T6,A6,G,C6,C,C,C,A,A,T,G,G,G,T,C,C6,G,C,T,C,G,C,G1,A6,G,G,C,G,G,G,A,G,G,A,A,C,A,A,A,A,C,A1,T,G,C6,A1,G6,A6,G,A,T,A,T,G,G6,C6,C,T,A6,A,A6,T,A,G,C,C,C6,A,G,G1,G1,A1,T,A,T1,C6,A6,T6,G6,T,A,A,C,A,G1,C1,T6,A,G,C,A1,A,C,G6,C,T,A6,G,C,C,G,T,T,A,C6,C6,A6,T,T,C,T,A,T,C6,A,T,G6,C,C,G,C1,T,G,T6,A,A,C,A,C,A1,C1,A,G,A,A,A,G,A,A,T,T,T,A,A,A6,A,C,A6,T,G,A,A,C,A,A,A6,A6,C,A,C,C,G,T,G1,A1,A1,G,A,A6,T,T6,G6,G,G,G,A,G,A,G,G,T6,G,A,T,A1,G,T,G,A,A,A6,T,G,C6,T,G,C,A6,T,T,T,A,C6,T,T,C,T,A,C,A,G6,T6,G,A,C,T,G,A6,T6,G,T,T,G,T,C6,A,A,T,A,T,T,A1,A,T,T6,C,C,A,G,T6,A,T,C,C1,G6,C6,T6,G,C,C6,C6,T,G,G,G,C6,C6,T,T,C,T6,T,G1,C1,G,C1
21_L008_O,C,G,G,T,A,G4,A4,G6,G6,G,A,G,A4,A,G,G,C1,C,A,G,G,A,T,A,A,C,C3,C,T,G,G,G,G,C,G,C,G,G,T,G,T,T,C,A,A,T,A1,A,A,A,T,C,G,T,G3,T,C4,T,G,T,T,T,C,A,G,A,T,T,G,G1,C1,A,T,T,A,T,G4,T,T,T,C,G,A3,G,T,A,A,T,C,A,T3,T,C4,T4,A,A,G3,C,C,A,C,T,T,T,T1,C,C,G,T,T,T4,G,G,T,A,A,G,G,T,C1,C,T3,C,T,T,T,C,T,T,C,T1,T,T,A,A,G,T,G,C,T,G,A,G1,T,A,C,A,A,G,G,G4,G4,A,G,T,A,A,C3,G4,G,T,T,A,G4,A,C,G,T,A,C1,T,C,G,G2,A,T,A,A,A,C,T,A1,A,C,T,T,C,G1,T,T3,G,C,A,G4,C4,T,G,C,A,T,G,C,C1,C,C,C1,C,G,A,T,T,T,T,A1,A4,C,T1,G,G,C,T,A,C,G4,C,T,A,T3,A,G,G,C,T,C,C7,C7,C7,C7,C7,C7,A,A,G4,T,C,A,G,C,G,C3,C,G,G,T,C,G,C,T2,T,A2,G,G,C,C,G,A1,G,T,C,G4,T,A3,T3,G,A,T,C1,A,A,G4,T,A,G,C4,C,C,C,A,A,T,G,G,G,T4,C,C,G,C,T,C4,G,C,G,A,G,G,C,G,G,G,A,G4,G,A,A,C,A,A,A,A,C,A,T,G,C4,A,G,A,G,A,T,A,T,G,G3,C3,C,T,A,A,A,T,A,G,C,C,C,A,G,G,G,A,T,A,T,C3,A,T,G3,T,A,A,C,A,G,C,T,A,G,C,A,A,C,G,C,T,A,G,C,C,G,T,T,A,C4,C3,A4,T,T,C1,T1,A,T,C,A3,T3,G,C,C,G,C,T,G,T4,A,A,C,A,C,A,C,A1,G,A3,A,A4,G,A,A,T,T,T,A,A,A,A,C,A,T,G,A,A,C1,A,A,A1,A,C,A,C,C,G,T,G1,A1,A1,G,A,A,T,T4,G3,G,G,G,A,G1,A,G,G,T,G,A,T1,A,G,T,G,A,A,A,T1,G,C,T,G,C,A,T,T,T,A,C,T,T,C,T,A3,C,A,G,T,G,A,C,T,G,A4,T,G,T,T,G,T,C,A,A,T,A,T,T,A,A,T,T3,C,C,A,G,T,A,T,C,C,G,C,T,G,C,C,C4,T,G,G,G,C3,C,T,T,C,T,T,G,C,G,C1
23_L008_O,C,G,G4,T1,A,G,A,G6,G6,G6,A,G,A,A,G,G,C1,C,A,G,G,A,T,A,A,C,C4,C1,T,G,G,G,G,C,G,C,G,G,T1,G,T,T,C,A,A,T,A1,A,A,A,T,C,G,T,G4,T,C,T,G,T,T1,T,C,A,G,A,T,T,G,G,C1,A,T,T,A,T,G,T,T,T,C,G,A,G,T,A,A,T,C,A,T3,T,C,T4,A,A4,G,C,C,A,C,T,T,T,T1,C,C,G,T,T,T,G,G,T,A,A,G,G,T,C1,C,T3,C,T,T,T,C,T,T1,C,T1,T,T,A,A,G,T,G,C,T4,G,A,G1,T,A,A7,A7,A7,A7,A7,A7,A7,A7,A7,T,A,A,C,G,G,T1,T,A,G6,A,C1,G,T,A,C,T,C,G,G2,A,T,A,A,A,C,T,A1,A,C,T1,T1,C,G1,T,T4,G,C,A,G,C,T,G,C,A,T,G,C,C1,C,C,C1,C,G,A,T,T,T,T,A,A4,C,T1,G,G,C,T,A,C,G4,C,T,A,T3,A,G,G,C,T,C,C7,C7,C7,C7,C7,C7,A,A,G3,T,C,A,G,C,G,C,C,G,G,T,C,G,C,T2,T2,A2,G,G,C,C,G,A6,G,T,C,G,T,A,T3,G,A,T,C1,A,A,G,T,A,G,C4,C,C,C,A,A,T,G1,G,G,T,C,C,G,C,T,C,G,C,G1,A,G,G,C,G,G,G,A,G,G,A,A,C,A,A,A,A,C,A,T,G,C4,A,G,A,G,A,T,A1,T,G,G,C,C,T,A,A,A,T,A,G,C,C,C,A,G,G,G,A,T,A,T1,C,A,T,G,T,A,A,C,A,G,C,T,A,G1,C1,A1,A,C,G,C,T,A,G,C,C,G,T,T,A,C,C,A,T4,T,C1,T,A,T,C,A,T,G,C,C,G,C,T,G,T4,A,A,C,A,C,A,C1,A,G,A,A,A,G,A,A,T,T,T,A,A,A,A1,C,A,T,G,A,A,C1,A,A,A1,A,C,A,C,C,G,T,G1,A1,A1,G,A,A,T,T,G,G,G1,G,A,G1,A,G,G,T,G,A,T4,A,G,T,G1,A,A,A,T1,G,C,T,G,C,A,T,T,T,A,C6,T1,T,C,T,A,C,A,G,T,G,A,C,T,G,A4,T,G4,T,T,G1,T,C,A,A3,T,A,T,T,A1,A,T,T6,C,C,A,G,T,A,T,C,C1,G,C,T,G1,C,C6,C6,T,G,G,G,C3,C,T,T,C1,T,T,G1,C1,G,C1
24_L008_O,C,G,G,T,A,G4,A,G6,G6,G6,A,G,A6,A,G,G,C1,C,A,G,G,A,T,A,A,C,C,C1,T,G,G,G,G,C,G,C,G,G,T,G,T,T,C,A,A,T,A1,A,A,A,T,C,G,T,G3,T,C,T,G,T,T,T,C,A,G,A,T,T,G,G,C1,A,T,T,A,T,G,T,T6,T,C,G,A,G,T,A,A,T,C,A,T,T,C,T6,A,A,G,C,C,A,C,T,T,T,T1,C,C,G,T,T,T,G,G,T,A,A,G,G,T,C1,C,T6,C,T,T,T,C,T,T,C,T1,T,T6,A,A,G,T,G,C,T,G,A,G1,T,A,C,A,A,G,G,G6,G6,A,G,T,A,A,C,G,G,T,T,A,G6,A,C,G,T,A,C,T,C,G,G2,A,T,A,A,A,C,T4,A1,A,C,T,T,C,G1,T,T6,G,C,A,G,C,T,G,C,A,T,G,C,C,C,C,C1,C,G,A,T,T,T,T,A,A4,C,T1,G,G,C,T,A,C,G,C,T,A,T,A,G,G,C,T,C,C7,C7,C7,C7,C7,C7,A,A,G6,T,C,A,G,C,G,C,C,G,G,T,C,G,C,T2,T2,A2,G,G,C,C,G,A1,G,T,C,G,T,A6,T6,G,A,T,C1,A,A,G,T6,A,G,C,C,C,C,A,A,T,G,G,G,T,C,C,G,C,T,C,G,C,G,A,G,G,C,G,G,G,A,G,G,A,A,C,A,A,A,A,C,A,T,G,C,A,G,A,G,A,T,A,T,G,G,C,C,T,A6,A,A4,T,A,G,C,C,C,A,G,G,G,A,T,A,T1,C6,A,T,G,T,A,A,C,A,G,C,T,A,G,C,A1,A,C,G,C,T,A,G,C,C,G,T,T,A,C,C4,A,T,T,C,T,A,T,C,A,T,G,C,C,G,C,T,G,T6,A,A,C,A,C,A,C1,A,G,A,A,A,G,A,A,T,T,T,A,A,A,A1,C,A,T,G,A,A,C1,A,A,A1,A,C,A,C,C,G,T,G,A,A,G,A,A,T,T,G,G,G,G,A,G,A,G,G,T6,G,A,T,A1,G,T,G1,A,A1,A,T1,G,C,T,G,C,A,T,T,T,A,C6,T,T1,C,T,A,C,A,G,T,G,A,C,T,G,A,T,G,T,T,G,T,C6,A,A6,T,A,T,T,A1,A,T,T6,C,C,A,G,T6,A,T,C,C1,G,C,T,G,C,C6,C6,T,G,G,G,C6,C6,T,T,C,T,T,G,C,G,C1
25_L008_O,C,G,G4,T1,A4,G4,A,G3,G4,G,A,G,A4,A,G,G,C1,C,A,G,G,A,T,A,A,C,C3,C,T,G,G,G,G3,C3,G,C,G,G,T1,G,T,T,C,A4,A,T,A1,A,A,A1,T,C,G,T,G4,T,C,T,G,T,T,T,C,A,G,A,T,T,G,G1,C1,A,T,T,A,T,G,T,T,T,C,G,A,G,T,A,A,T,C,A,T3,T3,C4,T4,A,A3,G3,C3,C,A,C,T,T,T,T1,C,C,G,T,T,T4,G,G,T,A,A,G,G,T,C,C,T3,C,T,T,T,C4,T4,T,C4,T1,T,T,A3,A,G,T,G,C,T,G,A,G1,T,A,C,A,A,G,G,G4,G3,A,G,T,A,A,C,G4,G,T,T4,A,G6,A,C,G3,T,A,C,T,C,G,G2,A,T,A,A,A,C,T4,A,A,C,T,T,C,G1,T,T4,G,C,A,G,C,T,G,C,A,T,G,C,C1,C,C,C,C,G,A,T,T,T,T,A,A4,C,T1,G4,G,C,T,A,C,G4,C,T,A,T3,A,G,G,C,T,C,C,T,C,A1,G,T,A,A,G4,T,C,A,G,C,G4,C,C,G1,G,T4,C,G,C,T2,T2,A2,G,G,C,C,G,A1,G,T3,C,G,T,A3,T4,G,A,T3,C,A,A,G,T3,A4,G,C4,C,C,C,A,A,T4,G,G,G,T4,C,C,G,C,T,C4,G,C,G1,A,G,G,C,G4,G,G,A,G4,G,A,A1,C,A,A,A,A,C,A,T,G,C4,A,G,A,G,A,T,A,T,G,G4,C3,C,T,A3,A,A,T,A3,G,C,C,C3,A4,G,G,G,A,T,A,T1,C3,A,T,G,T,A,A,C,A,G,C,T,A,G,C,A1,A,C,G,C,T,A,G,C,C,G,T,T,A,C4,C3,A4,T,T3,C,T,A,T,C3,A,T3,G,C,C,G,C1,T,G,T4,A,A,C,A,C,A,C1,A,G,A,A,A,G,A,A,T,T,T,A,A,A,A,C,A,T,G,A,A,C1,A,A,A1,A1,C,A,C,C,G,T,G1,A1,A1,G,A,A3,T,T4,G,G,G1,G,A,G1,A,G,G1,T,G,A,T,A1,G,T,G,A,A,A,T4,G,C,T,G,C,A,T,T,T,A,C,T1,T,C,T,A3,C,A,G,T,G1,A,C,T,G,A3,T,G,T,T,G1,T,C,A,A,T,A,T4,T,A1,A,T,T4,C,C,A,G,T,A,T,C,C,G,C,T,G,C,C,C4,T,G,G,G,C3,C,T,T,C1,T,T,G,C,G,C1
26_L008_O,C,G,G4,T1,A4,G4,A,G6,G6,G6,A,G,A6,A,G,G,C1,C,A,G,G,A,T1,A,A,C,C3,C,T,G,G,G,G,C,G,C,G,G,T,G,T,T,C,A,A1,T,A1,A,A,A,T,C,G,T,G6,T6,C6,T4,G,T6,T,T,C6,A6,G,A,T,T,G,G,C1,A,T,T,A,T,G,T,T6,T,C,G,A,G,T,A,A,T,C,A,T,T,C4,T6,A,A,G,C,C,A,C,T,T,T,T1,C,C,G,T,T,T,G6,G,T,A,A,G,G,T,C,C,T6,C,T,T,T,C,T,T,C,T1,T,T6,A,A,G,T,G,C,T,G,A,G1,T,A,A7,A7,A7,A7,A7,A7,A7,A7,A7,T,A,A,C,G,G,T,T,A,G6,A,C,G,T,A,C,T,C,G,G2,A,T,A,A,A,C,T,A1,A,C,T,T,C,G1,T,T6,G,C,A,G,C,T,G,C,A,T,G,C,C1,C,C,C,C,G,A,T,T,T,T,A,A6,C,T,G,G,C,T,A,C,G4,C3,T,A,T6,A6,G,G,C,T,C,C,T,C,A1,G,T,A,A,G6,T,C,A,G,C,G,C,C,G,G,T6,C,G1,C,T2,T2,A2,G,G,C,C,G,A6,G,T,C,G,T,A,T,G,A,T,C,A,A,G,T6,A,G,C4,C,C,C,A,A,T,G,G,G,T4,C,C,G,C,T,C4,G,C,G1,A,G,G,C,G,G,G,A,G4,G,A,A,C,A,A4,A,A,C,A,T,G,C6,A1,G,A,G,A,T4,A,T4,G,G6,C6,C,T,A6,A,A,T,A,G,C,C,C6,A,G,G,G,A,T,A,T1,C3,A,T,G,T,A,A,C,A,G,C,T,A,G1,C1,A1,A,C,G,C,T,A,G,C,C,G,T,T6,A,C4,C,A,T,T,C,T,A,T,C3,A,T,G,C,C,G,C,T,G,T6,A,A,C,A,C,A1,C1,A1,G,A,A,A,G,A,A,T,T,T,A1,A,A,A,C,A,T,G,A,A,C1,A,A,A1,A,C,A,C,C6,G,T,G1,A1,A1,G,A,A,T,T,G,G,G1,G,A,G1,A,G,G,T6,G,A,T,A,G,T,G,A,A,A6,T1,G,C,T,G,C,A,T,T,T,A,C6,T,T,C,T,A,C,A,G,T4,G,A,C,T,G,A6,T6,G,T,T,G1,T,C6,A,A3,T,A,T,T,A1,A,T,T6,C,C,A,G,T6,A,T,C,C,G,C,T6,G,C,C6,C6,T,G,G,G,C6,C6,T,T,C1,T,T,G,C,G,C
27_L008_O,C,G,G,T1,A4,G4,A4,G,G4,G1,A,G,A4,A,G,G,C1,C,A,G,G,A,T,A,A,C,C4,C,T,G,G,G3,G,C,G,C,G,G,T3,G,T,T,C,A,A,T,A1,A,A4,A,T,C,G,T,G3,T,C4,T,G,T,T,T,C,A,G,A,T4,T,G,G,C,A,T,T,A,T,G,T,T,T,C3,G,A,G,T,A,A,T,C,A,T3,T,C4,T4,A,A4,G,C,C3,A,C,T,T,T,T1,C,C4,G,T,T,T,G,G,T,A,A,G,G,T,C1,C,T3,C,T,T,T,C,T,T,C,T1,T,T,A,A,G,T4,G,C,T,G,A,G1,T,A,C,A,A,G,G,G3,G,A,G,T,A,A,C4,G3,G,T,T,A,G4,A,C,G3,T,A,C,T,C,G3,G2,A,T,A,A,A,C,T4,A1,A,C,T,T,C,G1,T,T4,G,C,A,G,C,T,G,C,A,T,G,C,C,C,C,C1,C,G,A,T3,T,T,T,A,A4,C,T1,G,G,C,T,A,C,G4,C,T,A,T3,A,G,G,C,T,C4,C4,C4,C4,C4,C4,C4,A,A,G4,T,C,A,G4,C,G3,C,C,G,G,T,C,G,C,T2,T3,A2,G,G,C,C,G,A,G,T,C,G4,T,A3,T4,G,A,T3,C,A,A,G3,T,A,G,C4,C,C,C,A,A,T,G,G,G,T,C,C,G,C,T,C4,G,C,G1,A,G,G,C4,G,G,G,A,G,G,A,A,C,A,A4,A,A,C,A,T,G,C4,A,G,A,G,A,T,A,T,G,G4,C3,C,T,A4,A,A4,T,A,G,C,C,C,A,G,G,G,A,T,A,T,C3,A,T,G,T,A,A,C,A,G,C,T,A,G,C,A1,A,C,G,C,T,A,G,C,C,G,T,T,A,C,C,A4,T,T,C,T,A,T,C,A,T,G,C,C,G,C1,T,G,T4,A3,A,C,A,C,A,C1,A,G,A3,A,A4,G,A,A,T,T,T,A,A,A,A1,C,A,T,G,A,A,C1,A,A,A1,A,C,A,C,C,G,T,G1,A1,A1,G,A,A3,T,T3,G3,G,G,G,A,G,A,G,G,T,G,A,T4,A,G,T,G,A,A,A,T1,G,C4,T,G,C,A,T,T,T,A,C,T1,T,C,T,A4,C,A,G,T4,G,A,C,T1,G1,A4,T,G4,T3,T,G,T,C,A,A3,T,A,T,T,A1,A,T,T4,C,C,A,G,T1,A1,T,C,C1,G,C,T,G,C,C,C4,T,G,G,G,C3,C,T,T,C,T,T,G1,C1,G,C
28_L008_O,C,G,G6,T1,A6,G6,A,G6,G6,G6,A,G,A6,A,G,G,C1,C,A,G6,G,A,T,A,A,C,C6,C,T,G,G,G6,G6,C6,G,C,G,G,T6,G,T,T,C,A,A,T,A1,A,A,A,T,C,G,T6,G6,T,C,T,G,T6,T1,T,C,A,G,A,T,T,G,G1,C1,A,T,T,A,T,G,T,T6,T,C,G,A,G,T,A6,A,T,C,A,T6,T,C6,T6,A,A6,G,C,C,A,C,T,T,T,T1,C1,C,G,T,T,T,G6,G,T,A,A,G,G,T,C,C,T6,C,T,T,T,C,T,T,C,T1,T,T6,A,A,G,T,G,C,T,G,A,G1,T,A,C,A,A,G,G,G6,G6,A,G,T,A,A,C,G,G,T,T6,A,G6,A,C,G6,T,A,C,T,C,G,G2,A,T,A,A,A,C,T,A1,A,C,T,T,C,G1,T,T6,G,C,A6,G,C,T,G,C,A6,T,G,C,C1,C,C,C,C,G,A,T,T6,T,T,A,A6,C,T1,G,G,C,T,A,C,G6,C,T,A,T6,A6,G,G6,C,T,C,C7,C7,C7,C7,C7,C7,A,A,G6,T,C,A,G,C,G,C6,C,G,G,T,C,G,C,T2,T6,A2,G,G,C,C,G,A6,G,T,C6,G,T,A6,T6,G,A,T6,C1,A,A,G6,T6,A,G,C,C,C,C,A,A,T,G,G,G,T,C,C,G,C,T,C,G,C,G,A,G,G,C,G,G1,G,A,G4,G,A,A,C1,A,A,A,A,C1,A,T,G,C6,A,G,A,G,A,T,A1,T,G,G6,C6,C,T,A6,A,A6,T,A,G,C,C,C6,A,G,G,G,A,T,A,T1,C6,A6,T,G,T,A,A,C,A,G,C,T6,A,G,C,A1,A,C,G,C,T,A6,G,C,C,G,T,T,A,C6,C,A4,T,T,C,T,A,T,C,A,T,G,C,C,G,C,T,G,T6,A,A,C,A,C,A,C1,A1,G,A6,A,A,G,A,A,T,T,T,A,A,A,A1,C,A,T,G,A,A,C1,A,A,A1,A,C,A,C,C,G,T,G1,A1,A1,G,A,A,T,T,G,G,G6,G,A,G1,A,G,G,T6,G1,A,T,A,G,T,G,A,A,A6,T1,G,C6,T,G,C,A6,T,T,T,A,C6,T,T1,C,T,A6,C,A,G,T,G,A,C,T,G,A6,T6,G,T,T,G1,T,C6,A,A6,T,A,T,T1,A1,A,T,T6,C,C,A,G,T6,A,T,C,C1,G,C,T6,G1,C,C6,C6,T,G,G,G,C6,C6,T,T,C1,T,T,G,C,G,C1
2_L008_O,C,G,G6,T1,A6,G6,A,G6,G6,G6,A,G,A6,A,G,G,C1,C,A,G,G,A,T,A,A,C,C6,C,T,G,G,G,G,C,G,C,G,G,T,G,T,T,C,A,A,T,A1,A,A,A,T,C,G,T6,G6,T6,C6,T6,G,T6,T1,T,C6,A6,G,A,T,T,G,G1,C1,A,T,T,A,T,G,T,T6,T,C,G,A,G,T,A,A,T1,C,A6,T6,T6,C6,T6,A,A6,G,C,C,A6,C6,T,T6,T,T6,C,C,G,T,T,T,G6,G,T,A,A,G,G,T,C,C,T6,C6,T6,T,T,C,T,T,C,T,T,T6,A6,A,G,T,G,C,T,G,A,G1,T1,A,C,A,A,G,G,G6,G6,A,G,T,A,A,C,G,G,T1,T6,A,G6,A,C,G6,T,A,C,T,C,G,G,A,T,A6,A,A,C6,T,A,A,C,T,T,C,G,T,T6,G,C,A,G,C,T,G,C,A,T,G,C,C,C,C,C,C6,G,A,T,T,T,T,A,A6,C,T1,G6,G,C,T,A,C,G6,C6,T,A,T6,A6,G,G,C,T,C,C7,C7,C7,C7,C7,C7,A,A,G6,T,C,A,A,C,G,C6,C,G,G6,T6,C6,G,C,T2,T2,A2,G,G,C,C,G,A6,G,T,C,G,T,A,T,G,A6,T,C6,A,A,G,T6,A6,G,C6,C,C,C,A,A,T,G,G,G,T6,C,C6,G,C,T,C,G,C,G1,A6,G,G,C,G,G,G,A,G,G,A,A,C,A,A,A,A,C,A,T,G,C6,A,G6,A6,G,A,T,A,T,G,G6,C6,C,T,A6,A,A,T,A,G,C,C,C6,A,G,G1,G1,A1,T,A,T,C6,A6,T6,G6,T,A,A,C,A,G1,C1,T6,A,G,C,A1,A,C,G,C,T,A6,G,C,C,G,T,T,A,C6,C6,A6,T,T,C,T,A,T,C6,A,T,G6,C,C,G,C1,T,G,T6,A,A,C6,A,C,A,C,A,G,A,A,A,G,A,A,T,T,T,A,A,A6,A,C,A6,T,G,A,A,C1,A,A,A6,A6,C,A,C,C,G,T,G1,A1,A1,G,A,A6,T,T6,G6,G,G,G,A,G1,A,G,G,T6,G1,A,T,A,G,T,G,A,A,A6,T,G,C6,T,G,C,A,T,T,T,A,C6,T,T,C,T,A,C,A,G6,T6,G,A,C,T,G6,A6,T6,G,T,T,G,T,C6,A,A6,T,A,T,T,A1,A,T,T6,C,C,A,G,T6,A,T,C,C1,G6,C6,T6,G,C,C6,C6,T,G,G,G,C6,C6,T,T,C,T6,T,G,C,G,C1
30_L008_O,C,G,G,T1,A4,G4,A4,G3,G4,G1,A,G,A4,A,G,G,C1,C,A,G,G,A,T,A,A,C,C4,C1,T,G,G,G,G3,C3,G,C,G,G,T3,G,T,T,C,A,A,T,A1,A,A,A,T,C,G,T,G3,T,C,T4,G,T,T,T,C,A,G,A,T,T,G,G,C1,A,T,T,A,T,G,T,T,T,C,G,A,G,T,A,A,T,C,A,T3,T,C4,T4,A,A,G,C,C,A,C,T,T,T,T1,C,C,G,T,T,T,G,G,T,A,A,G,G,T,C,C,T3,C,T,T,T,C4,T,T,C,T1,T,T,A,A,G,T4,G,C,T,G,A,G1,T,A,C,A,A,G,G,G4,G4,A,G,T,A,A,C5,G,G,T,T,A,G6,A,C,G,T,A,C,T,C,G,G2,A,T,A,A,A,C,T4,A1,A,C,T,T,C,G,T,T3,G,C,A,G,C,T,G,C,A,T,G,C,C,C,C,C,C,G,A,T,T,T1,T,A1,A4,C,T1,G,G,C,T,A,C,G4,C,T,A,T3,A,G,G,C,T,C,C7,C7,C7,C7,C7,C7,A,A,G4,T,C,A,G4,C,G,C3,C,G,G,T,C3,G1,C,T2,T2,A2,G,G,C,C,G,A1,G3,T,C,G4,T,A,T,G,A,T,C,A,A,G,T,A,G,C,C,C,C,A,A,T,G1,G,G,T4,C,C,G,C,T,C,G,C,G1,A,G,G,C,G,G,G,A,G4,G,A,A,C,A,A,A,A,C,A,T,G,C4,A,G,A,G,A,T4,A,T,G,G3,C3,C,T,A,A,A4,T,A,G,C,C,C3,A,G,G,G,A,T,A,T1,C3,A,T,G,T,A,A,C,A,G,C,T,A,G,C,A1,A,C,G,C,T,A,G,C,C,G,T,T,A,C3,C3,A4,T,T,C1,T1,A,T,C,A,T3,G,C,C,G,C1,T,G,T4,A,A,C,A,C,A1,C1,A,G,A,A,A,G,A,A,T,T,T,A,A,A,A,C,A,T,G,A,A,C1,A,A,A1,A,C,A,C,C,G,T,G1,A1,A1,G,A,A,T,T,G,G,G,G,A,G,A,G,G,T,G,A,T,A,G,T,G1,A,A1,A,T1,G,C,T,G,C,A,T,T,T,A,C,T1,T,C,T,A3,C,A,G,T,G,A,C,T,G,A3,T,G,T,T,G1,T,C4,A,A,T,A,T,T,A1,A,T,T6,C,C,A,G,T,A,T,C,C1,G,C,T,G,C,C6,C6,T,G,G,G,C3,C,T,T,C1,T,T,G,C,G,C1
31_L008_O,C,G,G,T,A6,G6,A,G6,G6,G6,A,G,A6,A,G,G,C,C,A,G,G,A,T1,A,A,C,C6,C,T,G,G,G,G6,C6,G,C,G,G,T,G,T,T,C,A,A1,T,A1,A,A,A,T,C,G,T,G6,T,C,T,G,T6,T,T,C,A,G,A,T,T,G,G,C1,A,T,T,A,T,G,T,T6,T,C,G,A,G,T,A,A,T,C,A,T6,T,C6,T6,A,A6,G,C,C,A,C,T,T6,T,T,C,C,G,T,T,T,G6,G,T,A,A,G,G,T,C,C,T6,C,T,T,T,C,T,T,C,T,T,T6,A6,A,G,T,G,C,T,G,A,G1,T,A,C,A,A,G,G,G6,G6,A,G,T,A,A,C,G1,G,T,T6,A,G6,A,C,G,T,A,C,T,C,G,G2,A,T,A,A,A,C,T,A,A,C,T,T,C,G,T,T6,G,C,A,G,C,T,G,C,A6,T,G,C,C,C,C,C,C,G,A,T,T,T,T,A,A6,C,T,G,G,C,T,A,C,G6,C6,T,A,T6,A6,G,G,C,T,C,C7,C7,C7,C7,C7,C7,A,A,G6,T,C,A,G,C,G,C6,C,G,G6,T,C,G,C,T2,T2,A2,G,G,C,C,G,A6,G,T,C,G,T,A6,T6,G,A,T,C,A,A,G,T6,A,G,C6,C,C,C,A,A,T,G,G,G,T,C,C,G,C,T,C,G,C,G1,A,G,G,C,G,G,G,A,G,G,A,A,C,A,A,A,A,C,A,T,G,C6,A,G,A,G,A,T,A,T,G,G6,C6,C,T,A6,A,A6,T,A,G,C,C,C6,A,G,G,G,A,T,A,T,C6,A6,T,G,T,A,A,C,A,G,C,T,A,G,C,A,A,C,G,C,T,A6,G,C,C,G,T,T,A,C,C6,A6,T,T,C1,T1,A,T,C6,A,T6,G,C,C,G,C,T,G,T6,A,A,C,A,C,A,C,A1,G,A,A,A,G,A,A,T,T,T,A,A,A,A,C,A6,T,G,A6,A,C,A,A,A1,A1,C,A,C,C6,G,T,G1,A1,A1,G,A,A6,T,T,G,G,G,G,A,G,A,G,G,T6,G1,A,T,A,G,T,G,A,A1,A6,T,G,C6,T,G,C,A,T,T,T,A,C6,T,T1,C,T,A6,C,A,G6,T6,G,A,C,T,G,A6,T6,G,T,T,G1,T1,C6,A,A6,T,A,T,T,A,A,T,T6,C,C,A,G,T6,A,T,C,C1,G,C,T6,G,C6,C6,C6,T,G,G,G,C6,C6,T1,T,C,T6,T,G,C,G,C
32_L008_O,C,G,G,T1,A6,G6,A,G6,G6,G6,A,G,A6,A,G,G,C,C,A,G,G,A,T1,A,A,C,C6,C,T,G,G,G,G,C,G,C,G,G,T,G,T,T,C,A,A1,T,A1,A,A,A,T,C,G,T,G6,T,C,T,G,T,T,T,C,A,G,A,T,T,G,G,C1,A,T,T,A,T,G,T,T6,T,C,G,A,G,T,A,A,T,C,A,T3,T,C,T3,A,A,G,C,C,A,C,T,T,T,T,C,C,G,T,T,T,G,G,T,A,A,G,G,T,C,C,T6,C,T,T,T,C,T,T,C,T1,T,T6,A,A,G,T,G,C,T,G,A,G1,T,A,C,A,A,G,G,G,G6,A,G,T,A,A,C,G,G,T,T,A,G6,A,C,G,T,A,C,T,C,G,G2,A,T,A,A,A,C,T,A,A,C,T,T,C,G,T,T6,G,C,A,G,C,T,G,C,A,T,G,C,C,C,C,C,C,G,A,T,T,T,T,A,A,C,T,G,G,C,T,A,C,G4,C,T,A,T6,A6,G,G,C,T,C,C7,C7,C7,C7,C7,C7,A,A,G6,T,C,A,G,C,G,C3,C,G,G,T,C,G,C,T2,T4,A2,G,G,C,C,G,A6,G,T,C,G,T,A,T,G,A,T,C,A,A,G,T,A,G,C3,C,C,C,A,A,T,G1,G,G,T4,C,C,G,C,T,C,G,C,G,A,G,G,C,G,G,G,A,G,G,A,A,C,A,A,A,A,C,A,T,G,C,A,G,A,G,A,T,A,T,G,G,C,C,T,A6,A,A4,T,A,G,C,C,C,A,G,G,G,A,T,A,T,C,A6,T,G,T,A,A,C,A,G,C,T,A,G,C,A,A,C,G,C,T,A,G,C,C,G,T,T,A,C4,C3,A4,T,T,C,T,A,T,C,A,T,G,C,C,G,C,T,G,T3,A,A,C,A,C,A,C,A1,G,A,A,A,G,A,A,T,T,T,A1,A,A,A,C,A,T,G,A,A,C1,A,A,A1,A,C,A,C,C,G,T,G1,A1,A1,G,A,A,T,T,G,G,G,G,A,G1,A,G,G,T6,G1,A,T,A,G,T,G,A,A1,A6,T1,G,C,T,G,C,A,T,T,T,A,C6,T,T1,C,T,A4,C,A,G,T,G,A,C,T,G,A6,T6,G,T,T,G1,T,C6,A,A,T,A,T,T,A,A,T,T6,C,C,A,G,T6,A,T,C,C,G,C,T6,G,C,C6,C6,T,G,G,G,C6,C,T,T,C,T,T,G,C,G,C
33_L008_O,C,G,G,T1,A6,G6,A,G6,G6,G6,A,G,A6,A,G,G,C,C,A,G,G,A,T,A,A,C,C6,C,T,G,G,G,G,C,G,C,G,G,T,G,T,T,C,A,A1,T1,A1,A,A,A,T,C,G,T,G6,T,C4,T,G,T6,T,T,C,A,G,A,T,T,G,G,C1,A,T,T,A,T,G,T,T6,T,C,G,A,G,T,A,A,T,C,A,T6,T,C6,T6,A,A4,G,C,C,A,C,T,T,T,T1,C,C,G,T,T,T,G,G,T,A,A,G,G,T,C,C,T6,C,T,T,T,C,T,T,C,T,T,T6,A,A,G,T,G,C,T,G,A,G1,T,A,C,A,A,G,G,G,G6,A,G,T,A,A,C,G,G,T,T6,A,G6,A,C,G,T,A,C,T,C,G,G2,A,T,A,A,A,C,T,A,A,C,T,T,C,G,T,T6,G,C,A,G,C,T,G,C,A,T,G,C,C1,C,C,C,C,G,A,T,T,T,T,A,A6,C,T,G,G,C,T,A,C,G6,C6,T,A,T6,A6,G,G,C,T,C,C,T,C,A1,G,T,A,A,G6,T,C,A,G,C,G,C,C,G1,G,T,C,G,C,T2,T6,A2,G,G,C,C,G,A6,G,T,C,G,T,A,T,G,A,T,C,A,A,G,T,A,G,C,C,C,C,A,A,T,G1,G,G,T4,C,C,G,C,T,C,G,C,G,A,G,G,C,G,G,G,A,G,G,A,A,C,A,A,A,A,C,A,T,G,C6,A1,G,A,G,A,T,A,T,G,G,C,C,T,A6,A,A,T,A,G,C,C,C,A,G,G,G,A,T,A,T1,C6,A6,T,G,T,A,A,C,A,G,C,T,A,G,C,A,A,C,G,C,T,A6,G,C,C,G,T,T,A,C,C,A4,T,T,C,T,A,T,C,A,T6,G,C,C,G,C,T,G,T6,A,A,C,A,C,A,C1,A1,G,A,A,A,G,A,A,T,T,T,A1,A,A,A,C,A,T,G,A,A,C1,A,A,A1,A1,C,A,C,C,G,T,G1,A1,A1,G,A,A,T,T,G,G,G,G,A,G1,A,G,G,T6,G1,A,T,A1,G,T,G1,A,A1,A6,T1,G,C6,T,G,C,A,T,T,T,A,C6,T,T1,C,T,A,C,A,G,T4,G,A,C,T,G,A6,T6,G,T,T,G1,T,C6,A,A6,T,A,T,T,A1,A,T,T6,C,C,A,G,T6,A,T,C,C,G,C,T6,G,C,C6,C6,T,G,G,G,C6,C6,T,T,C,T,T,G,C,G,C
34_L008_O,C,G,G4,T,A,G,A,G6,G6,G,A,G,A,A,G,G,C1,C,A,G,G,A,T,A,A,C,C4,C,T,G,G,G3,G,C,G,C,G,G,T1,G,T,T4,C,A,A1,T1,A1,A,A,A,T,C,G,T,G3,T,C4,T,G,T,T1,T,C,A,G,A,T4,T3,G,G1,C1,A,T,T,A,T,G,T,T,T,C,G,A,G,T,A,A,T,C,A,T3,T,C4,T4,A,A4,G,C,C,A,C,T,T,T,T1,C,C,G,T,T,T4,G,G,T,A,A,G,G4,T,C,C,T3,C,T,T,T,C,T,T,C,T1,T,T,A3,A,G,T4,G,C,T,A,A,G1,T,A,A7,A7,A7,A7,A7,A7,A7,A7,A7,T,A,A,C,G3,G,T1,T,A,G4,A,C,G4,T,A,T,T,C,G,G2,A,T4,A,A,A,C,T4,A1,A,T,T,T4,C,G1,T,T4,G,C,A,G4,C4,T,G,C,A,T,G,C,C1,C,C,C,C,G,A3,T,T,T,T,A1,A4,C,T1,G,G,C,T,A,C,G4,C,T,A,T3,A,G,G,C,T,C4,C,T3,C,A1,G3,T,A,A,G4,T,C,A,G4,C,A,C3,C,G,G,T,C3,G,C,T2,T2,A2,G,G,C,C,G,A,G,T,C,G4,T,A3,T3,G,A3,T3,C1,A,A,G,T,A,G,C,C,C,C,A,A,T,G,G,G,T4,C,C7,C7,C7,C7,C7,C7,C7,C7,C7,C7,C7,C7,C7,C7,C7,C7,C7,C7,C7,A,C1,A,A,A,A,C,A,T,G,C4,A,G,A,G,A,T,A,T4,G3,G3,C3,C,T,A,A,A,T,A,G,C,C,C3,A,G,G1,G1,A1,T,A,T1,C3,A,T,G,T,A,A,C,A,G,C,T,A,G,C,A1,A,C,G,C,T,A4,G,C,C,G,T,T,A,C4,C3,A4,T,T,C,T,A,T,C,A,T,G,C,C,G,C1,T,G,T4,A,A,C,A,C,A,C,A,G,C4,A,A,G1,A,A,T,T,T,A,A,A,A1,C,A,T,G,A3,A,C,A,A,A1,A,C,A,C,C,G,T,G1,A,A,G,A,A,T,T3,G3,G,G,G,A,G1,A,G4,G,T,G,A,T,A1,G,T,G1,A,A,A,T1,G,C,T,G,C,A,T,T,T,A,C,T,T1,C,T,A4,C,C,G,T4,G,A,C,T,G,A4,T,G,T,T,G,T,C4,A,A3,T,A,T,T,A1,A,T,T4,C,C,A,G,T,A,T,C,C,G,C,T,A,C,C,C4,T,G,G,G,C3,C,T,T,C,T,T,G,C,G,C1
35_L008_O,C,G4,G4,T,A3,G4,A3,G3,G3,G1,A,G,A,A,G,G,C1,C,A,G4,G,A4,T1,A,A,C,C3,C,T,G,G,G3,G3,C3,G,C,G,G,T3,G,T,T3,C,A,A,T,A1,A,A,A1,T,C,G,T,G4,T,C,T,G,T,T,T,C,A,G,A,T,T,G,G,C1,A,T,T,A,T,G,T,T,T,C,G,A4,G,T,A,A,T,C,A,T3,T3,C,T4,A,A4,G4,C3,C,A,C,T,T,T,T1,C,C,G,T,T,T,G,G,T,A,A,G,G,T,C1,C,T3,C,T,T,T,C4,T,T,C,T1,T,T,A,A,G,T4,G,C,T,G,A,G1,T,A,C,A,A,G,G,G4,G4,A,G,T,A,A4,C,G3,G,T,T3,A,G4,A,C,G4,T,A,C,T3,C,G,G2,A,T4,A,A,A,C,T4,A1,A,C,T,T,C,G1,T,T4,G,C,A,G,C,T,G,C,A,T,G,C,C1,C,C,C,C,G,A3,T,T,T,T,A1,A4,C,T1,G,G,C,T,A,C,G4,C,T,A,T3,A,G,G,G7,G7,G7,C4,T3,C,A1,G,T,A,A,G3,T,C,A,G,C,G,C,C,G,A,T4,C,G,C,T4,T2,A2,G,G,C,C,G,A,G,T3,C,G4,T,A3,T4,G,A4,T,C1,A,A,G4,T3,A,G,C4,C,C,C,A,A,T,G,G,G,T4,C,C,G,C,T,C4,G,C,G,A,G,G,C4,G,G,G,A,G4,G,A,A1,C,A,A,A,A,C,A,T,G,C3,A,G,A,G,A,T3,A1,T,G,G4,C3,C,T,A,A,A4,T,A,G,C,C,C3,A,G,G,G,A,T,A4,T,C3,A,T,G,T4,A,A,C,A,G,C,T,A,G,C,A1,A,C,G,C,T,A,G,C,C,G,T,T,A,C4,C,A4,T,T,C,T,A1,T,C,A,T,G,C,C,G,C1,T,G,T4,A,A,C,A,C,A1,C1,A,G,A3,A,A,G,A,A,T,T,T,A1,A,A,A1,C4,A,T,G,A,A,C1,A,A,A1,A,C1,A3,C,C,G,T,G1,A1,A1,G,A,A,T,T,G,G,G,G,A,G1,A,G,G,T,G,A,T4,A,G,T,G1,A,A,A,T4,G,C,T,G,C,A,T,T,T,A,C,T1,T,C,T,A3,C,A1,G3,T4,G,A,C,T,G,A4,T,G,T,T,G,T,C,A,A3,T,A,T4,T1,A1,A,T,T4,C,C,A,G,T,A,T,C,C1,G,C,T,G,C,C,C4,T,G,G,G,C3,C,T,T,C1,T,T,G,C,G,C1
36_L008_O,C,G,G6,T1,A6,G6,A,G6,G6,G6,A1,G,A,A,G,G,C1,C,A,G,G,A,T1,A,A,C,C6,C1,T,G,G,G,G6,C6,G,C,G,G,T,G,T,T,C,A,A,T,A1,A,A,A1,T,C,G,T,G6,T,C,T6,G,T6,T,T,C,A,G,A,T,T,G,G1,C1,A,T,T,A,T,G,T1,T6,T1,C,G,A,G,T,A,A,T,C,A,T6,T,C6,T6,A,A,G,C,C,A,C,T,T6,T,T1,C1,C,G,T,T,T,G6,G,T,A,A,G,G6,T,C,C,T6,C6,T6,T,T,C,T,T,C,T,T,T6,A,A,G,T,G,C,T,A,A,G1,T1,A4,C,A,A,G,G,G6,G6,A,G,T,A,A,C,G,G,T,T6,A,G6,A,C,G6,T,A,T,T,C,G,G2,A,T,A,A,A,C,T,A1,A,T,T,T,C,G,T,T6,G,C,A,G,C,T,G,C,A6,T,G,C,C1,C,C,C,C,G,A,T,T,T,T,A,A6,C,T1,G,G,C,T,A,C,G6,C6,T,A,T6,A6,G,G,C,T,C,C7,C7,C7,C7,C7,C7,A,A,G6,T,C,A,G,C,A,C6,C,G,G,T6,C,G,C,T2,T2,A2,G,G,C,C,G,A6,G,T,C,G,T,A6,T6,G,A,T,C,A,A,G,T6,A6,G,C4,C,C,C,A,A,T,G,G,G,T,C,C,G,C,T,C,G,C,G,A,G,G,C,G,G,G,A,G,G,A,A,C,A,A,A,A,C,A,T,G,C6,A,G6,A6,G,A,T,A1,T,G,G6,C6,C,T,A6,A,A6,T,A,G,C,C,C6,A,G,G,G,A,T,A,T1,C,A6,T6,G6,T,A,A,C,A,G,C,T,A,G,C,A1,A,C,G,C,T,A6,G,C,C,G,T,T,A,C,C6,A6,T,T,C,T,A,T,C6,A,T,G,C,C,G,C,T,G,T6,A,A,C,A,C,A,C1,A,G,C,A,A,G,A,A,T,T,T,A,A,A,A,C,A6,T,G,A,A,C1,A,A,A1,A,C,A,C,C,G,T,G,A,A,G,A,A6,T,T,G,G,G,G,A,G,A,G,G,T6,G1,A,T,A,G,T,G1,A,A,A6,T1,G,C6,T,G,C,A,T,T,T,A,C6,T,T,C,T,A,C,C,G6,T6,G,A,C,T,G,A6,T6,G,T,T,G,T,C6,A,A,T,A,T,T,A1,A,T,T6,C,C,A,G,T6,A,T,C,C1,G6,C6,T6,A,C,C6,C6,T,G,G,G,C6,C6,T,T,C6,T6,T,G,C,G,C1
37_L008_O,C,G,G,T,A6,G6,A,G6,G6,G6,A,G,A6,A,G,G,C1,C,A,G,G,A,T,A,A,C,C6,C,T,G,G,G,G,C,G,C,G,G,T1,G,T,T,C,A,A1,T,A1,A,A,A,T,C,G,T6,G6,T,C,T,G,T,T,T,C,A,G,A,T,T,G,G,C,A,T,T,A,T,G,T1,T6,T,C,G,A,G,T,A,A,T,C,A6,T6,T,C6,T6,A,A,G,C,C,A,C,T,T,T,T1,C,C,G,T,T,T,G6,G,T,A,A,G,G,T,C1,C,T6,C,T,T,T,C,T,T,C,T1,T,T6,A,A,G,T,G,C,T,G,A,G1,T,A,C,A,A,G,G,G6,G6,A,G,T,A,A,C,G,G,T,T6,A,G6,A,C,G,T,A,C,T,C,G,G2,A,T,A,A,A,C,T,A1,A,C,T,T,C,G1,T,T6,G,C,A,G,C,T,G,C,A6,T,G,C,C,C,C,C1,C,G,A,T,T,T,T,A1,A4,C,T1,G,G,C,T,A,C,G6,C,T,A,T6,A6,G,G,C,T,C,C7,C7,C7,C7,C7,C7,A,A,G6,T,C,A,G,C,G,C,C,G,G,T,C,G,C,T2,T2,A2,G,G,C,C,G,A6,G,T,C,G,T,A6,T6,G,A,T,C1,A,A,G,T6,A,G,C,C,C,C,A,A,T,G1,G,G,T,C,C,G,C,T,C,G,C,G,A,G,G,C,G,G,G,A,G,G,A,A1,C1,A,A,A,A,C,A,T,G,C6,A,G,A,G,A,T,A1,T,G,G6,C6,C,T,A6,A,A6,T,A,G,C,C,C6,A,G,G,G,A,T6,A6,T1,C6,A6,T,G,T,A,A,C,A,G,C,T,A,G,C,A1,A,C,G,C,T,A6,G,C,C,G,T,T,A,C4,C,A,T,T,C,T,A,T,C,A,T,G,C,C,G,C,T,G,T6,A,A,C,A,C,A,C1,A,G,C,A,A,G,A,A,T,T,T,A,A,A,A1,C,A,T,G6,A,A,C1,A,A,A1,A,C,A,C,C,G,T,G,A,A,G,A,A,T,T6,G6,G,G,G,A,G1,A,G,G,T6,G,A,T,A,G,T,G,A,A,A6,T1,G,C6,T,G,C,A6,T,T,T,A,C6,T,T,C,T,A6,C,C,G,T,G,A,C,T,G6,A6,T,G,T,T,G,T,C6,A,A,T,A,T,T,A1,A,T,T6,C,C,A,G,T6,A,T,C,C1,G6,C6,T6,G1,C,C6,C6,T,G,G,G,C6,C6,T,T,C,T6,T,G,C,G,C1
38_L008_O,C,G,G,T,A4,G4,A4,G6,G6,G6,A,G,A6,A,G,G,C1,C,A,G,G,A,T,A,A,C,C3,C1,T,G,G,G,G,C,G,C,G,G,T,G,T,T,C,A,A1,T,A1,A,A1,A,T,C,G,T,G3,T,C4,T4,G,T,T,T,C,A,G,A,T,T,G,G,C1,A,T,T,A,T,G,T,T,T,C,G,A,G,T,A,A,T,C,A,T3,T,C,T6,A,A4,G,C,C,A,C,T,T,T,T1,C,T,G,T,T,T,G,G,T,A,A,G,G,T,C1,C,T6,C,T,T,T,C,T,T,C,T1,T,T,A,A,G,T4,G,C,T,G,A,G1,T,A,C,A,A,G,G,G4,G,A,G,G7,A,A,C,G,G,T,T,A,G6,A,C,G,T,A,C1,T,C,G,G2,A,T,A,A,A,C,T,A1,A,C,T,T,C,G1,T,T6,G,C,A,G,C,T,G,C,A,T,G,C,C1,C,C,C1,C,G,A,T,T,T,T,A1,A4,C,T1,G,G,C,T,A,C,G4,C,T,A,T6,A6,G,G,C,T,C,C,T,C,A1,G,T,A,A,G6,T,C,A,G,C,G,C,C,G,G,T,C,G,C,T2,T,A2,G,G,C,C,G,A6,G,T,C,G4,T,A,T3,G,A,T,C1,A,A,G,T,A,G,C4,C,C,C,A,A,T,G,G,G,T,C,C,G,C,T,C,G,C,G1,A,G,G,C,G,G,G,A,G,G,A,A,C,A,A,A,A,C,A,T,G,C,A,G,A,G,A1,T,A1,T,G,G3,C3,C,T,A,A,A,T,A,G,C,C,C3,A,G,G,G,A,T,A,T1,C3,A,T,G,T,A,A,C,A,G,C,T,A,G,C,A1,A,C,G,C,T,A,G,C,C,G,T,T,A,C,C,A4,T,T,C,T,A,T,C,A,T,G,C,C,G,C,T,G,T4,A,A,C,A,C,A,C,A1,G,A,A,A,G,A,A,T,T,T,A1,A,A,A,C,A,T,G,A,A,C1,A,A,A1,A,C,A,C,C,G,T,G,A,A,G,A,A,T,T,G,G,G,G,A,G1,A,G,G,T,G,A,T4,A,G,T,G,A,A1,A6,T1,G,C,T,G,C,A,T,T,T,A,C6,T,T,C,T,A,C,A,G,T,G,A,C,T,G,A,T,G,T,T,G1,T,C6,A,A6,T,A,T,T,A1,A,T,T6,C,C,A,G,T6,A,T,C,C1,G,C,T6,G,C,C6,C6,T,G,G,G,C6,C,T,T,C,T,T,G,C,G1,C1
39_L008_O,C,G3,G,T,A3,G4,A4,G3,G3,G,A,G,A3,A,G,G,C1,C,A,G,G,A,T1,A,A,C,C3,C,T,G,G,G,G,C,G,C,G,G,T3,G,T,T,C,A,A,T,A1,A,A,A1,T,C,G,T,G4,T,C4,T3,G,T,T,T,C,A,G,A,T,T,G,G,C1,A,T,T,A,T,G,T1,T,T,C,G3,A,G,T3,A,A,T,C,A,T3,T3,C,T4,A,A4,G4,C3,C,A,C,T,T,T,T1,C1,T,G,T,T,T,G,G,T,A,A,G,G3,T,C,C,T3,C,T,T,T,C,T4,T,C,T,T,T,A,A,G,T4,G,C,T,G,A,G,T,A,A7,A7,A7,A7,A7,A7,A7,A7,A7,T,A,A,C,G4,G,T,T,A,G4,A,C,G4,T,A,C,T,C4,G,G3,A,T4,A,A,A,C,T4,A1,A,C,T,T,C,G1,T,T4,G,C,A,G,C,T,G,C,A,T,G,C,C1,C,C,C,C,G,A,T,T,T,T,A,A4,C,T1,G4,G,C,T,A,C,G4,C,T,A,T4,A,G,G4,C,T,C,C,T,C,A1,G,T4,A,A,G4,T,C,A,G,C,G,C3,C,G,G,T,C,G,C,T2,T3,A2,G,G3,C,C,G,A,G,T,C,G4,T,A3,T4,G,A3,T3,C1,A,A,G4,T3,A,G,C,C,C,C,A,A,T,G1,G,G,T,C,C,G,C,T,C4,G,C,G,A,G,G,C,G,G,G,A,G3,G,A,A1,C,A,A4,A,A,C,A,T,G,C4,A,G,A,G,A,T,A1,T4,G,G4,C3,C,T,A,A,A3,T,A,G,C,C,C4,A,G,G,G,A,T,A,T,C3,A,T,G,T,A,A,C,A,G,C,T,A,G,C,A1,A,C,G,C,T,A,G,C,C,G,T,T1,A1,C,C,A,T,T3,C,T,A,T,C,A3,T3,G,C,C,G,C,T,G,T4,A,A,C,A,C,A,C1,A,G,A3,A,A4,G,A,A,T,T,T3,A1,A,A,A,C,A,T,G,A,A,C1,A,A,A1,A,C,A,C,C,G,T,G,A,A,G,A3,A,T,T4,G3,G,G1,G,A,G,A,G,G,T,G,A,T4,A,G,T,G,A,A,A,T1,G,C,T,G,C3,A,T,T4,T,A,C,T,T,C,T,A,C,A,G,T3,G,A,C,T,G,A3,T,G,T,T,G,T,C4,A,A3,T,A4,T,T,A1,A,T,T3,C,C,A,G,T,A,T,C,C1,G,C,T,G,C,C,C4,T,G,G,G,C3,C,T,T,C,T,T,G,C,G,C1
3_L008_O,C,G,G,T1,A6,G6,A,G6,G6,G6,A,G,A6,A,G,G,C1,C,A,G,G,A,T1,A,A,C,C6,C,T,G,G,G,G6,C6,G,C,G,G,T,G,T,T,C,A,A,T,A1,A,A,A,T,C,G,T6,G6,T,C,T,G,T6,T1,T,C,A,G,A,T,T,G,G,C1,A,T,T1,A,T,G,T,T6,T,C,G,A,G,T,A6,A,T,C,A,T6,T,C6,T6,A,A,G,C,C,A,C,T,T1,T,T,C,C,G,T,T,T,G,G,T,A,A,G,G,T,C1,C,T6,C,T,T,T,C,T,T,C,T1,T,T6,A,A,G,T4,G,C,T,A,A,G1,T,A,C,A,A,G,G,G,G6,A,G,T1,A,A,C,G,G,T6,T,A,G6,A,C,G,T,A,C,T,C,G,G2,A,T,A,A,A,C,T,A1,A,T,T,T,C,G1,T,T6,G,C,A,G,C,T,G,C,A6,T,G,C,C1,C,C,C1,C,G,A,T,T,T,T,A,A6,C,T1,G,G,C,T,A,C,G6,C,T,A,T6,A6,G,G,C,T,C,G7,G7,G7,G7,G7,G7,A,A,G6,T,C,A,G,C,A,C,C,G,G6,T,C,G,C,T2,T6,A2,G,G,C,C,G,A6,G,T,C,G,T,A6,T6,G,A,T,C1,A,A,G,T6,A,G,C6,C,C,C,A,A,T,G,G,G,T,C,C,G,C,T,C,G,C,G,A,G,G,C,G,G1,G,A,G,G,A,A,C,A,A,A,A,C,A,T,G,C6,A,G,A,G,A,T,A,T,G,G,C,C,T,A6,A,A6,T,A,G,C,C,C,A,G,G,G,A,T,A,T,C6,A6,T,G,T,A,A,C,A,G,C,T,A,G,C,A1,A,C,G,C,T,A6,G,C,C,G,T,T,A,C,C,A,T,T,C,T,A1,T,C,A,T,G,C,C,G,C1,T,G,T6,A,A,C,A,C,A,C,A,G,C,A,A,G,A,A,T,C,T,A,A,A,A1,C,A6,T,G,A,A,C1,A,A,A1,A,C,A,C,C,G,T,G,A,A,G,A,A,T,T,G,G,G,G,A,G,A,G,G,T6,G,A,T,A,G,T,G,A,A1,A6,T1,G,C6,T,G,C,A6,T,T,T,A,C6,T,T,C,T,A,C,C,G6,T6,G,A,C,T,G,A6,T6,G,T,T,G,T,C6,A,A6,T,A,T,T,A1,A,T,T6,C,C,A,G,T6,A,T,C,C,G,C,T6,A,C,C6,C6,T,G,G,G,C6,C6,T,T,C,T6,T,G,C,G,C
40_L008_O,C,G,G,T,A4,G,A,G6,G6,G6,A,G,A6,A,G,G,C1,C,A,G,G,A,T,A,A,C,C4,C1,T,G,G,G,G,C,G,C,G,G,T,G,T,T,C,A,A1,T,A1,A,A,A,T,C,G,T,G6,T1,C1,T,G,T,T,T,C,A,G,A,T,T,G,G,C1,A,T,T,A,T,G,T1,T6,T,C,G,A,G,T,A,A,T,C,A,T,T,C,T6,A,A,G,C,C,A,C,T,T,T,T1,C1,T,G,T,T,T,G,G,T1,A,A,G,G,T,C1,C,T6,C,T,T,T,C,T,T,C,T1,T,T6,A,A,G,T,G,C,T,G,A,G1,T,A,A7,A7,A7,A7,A7,A7,A7,A7,A7,T,A,A,C,G,G,T1,T,A,G6,A,C,G,T,A,C,T,C,G,G2,A,T,A,A,A,C,T,A1,A,C,T,T,C,G1,T,T6,G,C,A,G,C,T,G,C,A,T,G1,C,C,C,C,C,C,G,A,T,T,T,T,A,A6,C,T1,G,G,C,T,A,C,G,C,T,A,T,A,G,G,C,T,C,C7,C7,C7,C7,C7,C7,A,A,G6,T,C,A,G,C,G,C,C,G,G,T,C,G,G7,T6,T6,A,G,G,C,C,G,A1,G,T,C,G,T,A,T,G,A,T,C1,A,A,G,T,A,G,C,C,C,C,A,A,T,G1,G,G,T,C,C,G,C,T,C,G,C,G1,A,G,G,C,G,G1,G,A,G,G,A,A,C,A,A,A,A,C,A,T,G,C,A,G,A,G,A,T,A,T,G,G,C,C,T,A,A,A6,T,A,G,C,C,C,A,G,G,G,A,T,A,T1,C6,A,T,G,T,A,A,C,A,G,C,T,A,G1,C1,A1,A,C,G,C,T,A,G,C,C,G,T,T,A,C,C,A,T,T,C,T,A1,T1,C,A,T,G,C,C,G,C1,T,G,T6,A,A,C,A,C,A,C1,A,G,A,A,A,G,A,A,T,T,T,A1,A,A,A,C,A,T,G,A,A,C1,A,A,A1,A,C1,A,C,C,G,T,G,A,A,G,A,A,T,T,G,G,G1,G,A,G1,A,G,G,T6,G,A,T,A1,G,T,G,A,A1,A6,T1,G,C,T,G,C,A,T,T,T,A,C6,T,T1,C,T,A,C,A,G,T,G,A,C,T,G,A4,T,G,T,T,G,T,C6,A,A6,T,A,T,T1,A1,A,T,T6,C,C,A,G,T,A,T,C,C1,G,C,T,G,C,C6,C6,T,G,G,G,C6,C,T,T,C1,T,T,G,C,G,C1
41_L008_O,C,G3,G4,T1,A4,G4,A,G4,G4,G,A,G,A4,A,G,G,C1,C,A,G,G,A,T1,A,A,C,C3,C,T,G,G,G,G,C,G,C,G,G,T4,G,T,T,C,A,A1,T,A1,A,A,A,T,C,G,T,G3,T,C4,T4,G,T,T,T,C4,A,G,A,T,T,G,G1,C1,A,T,T,A,T,G,T,T,T,C,G,A,G,T,A,A,T1,C,A,T3,T,C4,T3,A,A4,G,C,C,A,C,T,T,T,T1,C,T,G,T,T,T,G,G,T,A,A,G,G,T,C,C,T3,C4,T3,T,T,C,T,T,C,T1,T,T,A3,A,G,T4,G,C,T,G,A,G1,T,A,C,A4,A,G,G,G4,G4,A,G,T,A,A,C,G3,G,T,T,A,G4,A,C,G3,T,A,C,T,C,G,G2,A,T,A4,A,A,C4,T3,A,A,C,T,T,C4,G1,T,T4,G,C,A,G,C,T,G,C,A,T,G,C,C1,C,C,C,C,G,A,T,T,T,T,A,A4,C,T1,G,G,C,T,A,C,G4,C4,T,A,T3,A,G,G,C,T,C,C7,C7,C7,C7,C7,C7,A,A,G4,T4,C,A,G,C,G,C4,C,G,G,T4,C4,G,C,T2,T,A2,G,G,C,C,G,A,G,T,C,G,T,A3,T3,G,A,T,C4,A,A,G,T3,A3,G,C4,C,C,C,A,A,T,G1,G,G,T4,C4,C3,G,C,T,C4,G,C,G,A,G,G,C4,G,G,G,A,G4,G,A,A,C,A,A,A,A,C,A,T,G,C4,A,G4,A,G,A,T4,A,T,G,G3,C4,C,T,A4,A,A4,T,A,G,C,C,C3,A4,G,G1,G1,A1,T,A,T1,C3,A,T,G4,T,A,A,C,A,G,C,T,A3,G,C,A1,A,C,G,C,T,A,G,C,C,G,T,T,A,C4,C4,A3,T,T,C,T,A,T,C4,A,T4,G,C,C,G,C,T,G,T4,A,A,C3,A,C,A,C1,A1,G,A,A,A4,G,A,A,T,T,T3,A,A,A,A,C,A,T,G,A,A,C,A,A,A1,A,C,A,C,C,G,T,G,A,A,G,A,A3,T,T3,G3,G,G,G,A,G,A,G,G1,T,G,A,T,A,G,T,G,A,A,A3,T,G,C,T,G,C,A,T,T,T,A,C,T,T,C,T,A,C,A,G3,T3,G,A,C,T,G,A3,T,G,T3,T,G1,T,C,A,A3,T,A,T,T,A1,A,T1,T4,C,C,A,G,T,A,T,C,C1,G4,C4,T,G,C,C,C5,T,G,G,G,C3,C,T,T,C,T,T,G,C,G,C
42_L008_O,C,G,G,T1,A,G4,A6,G6,G6,G6,A,G,A6,A,G,G,C1,C,A,G,G,A,T,A,A,C,C,C,T,G,G,G,G6,C6,G,C,G,G,T6,G,T,T,C,A,A,T,A1,A,A,A,T,C,G,T,G6,T,C,T,G,T,T,T,C,A,G,A,T,T,G,G,C1,A,T,T,A,T,G,T,T6,T,C,G,A6,G,T,A6,A,T,C,A,T,T,C6,T6,A,A6,G6,C6,C,A,C,T,T,T,T1,C,T,G,T,T,T,G6,G,T,A,A,G,G6,T,C,C,T6,C,T,T,T,C,T,T,C,T,T,T6,A,A,G,T,G,C,T,G,A,G1,T,A,C,A,A,G,G,G,G,A,G,T,A,A,C6,G6,G,T,T6,A,G6,A,C,G6,T,A,C,T6,C,G,G2,A,T,A,A,A,C,T,A1,A,C,T,T,C,G1,T,T6,G,C,A,G,C,T,G,C,A6,T,G,C,C,C,C,C1,C,G,A,T6,T,T,T,A,A6,C,T1,G,G,C,T,A,C,G,C,T,A,T6,A6,G,G,C,T,C,C,T,C,A1,G,T,A,A,G6,T,C,A,G,C,G,C,C,G,G,T,C,G,C,T2,T6,A2,G,G,C,C,G,A6,G6,T,C,G6,T,A6,T6,G,A6,T,C1,A,A,G,T6,A,G,C,C,C,C,A,A,T,G,G,G,T6,C,C,G,C,T,C,G,C,G,A,G,G,C,G,G,G,A,G,G,A,A,C,A,A,A,A,C,A,T,G,C6,A,G,A,G,A,T,A,T,G,G,C,C,T,A6,A,A6,T,A,G,C,C,C6,A,G,G,G,A,T,A,T1,C6,A6,T,G,T,A,A,C,A,G1,C1,T,A,G,C,A1,A,C,G,C,T,A6,G,C,C,G,T,T1,A1,C,C,A,T,T,C,T,A,T,C,A,T6,G,C,C,G,C1,T,G,T6,A,A,C,A,C,A,C1,A1,G,A6,A,A,G,A,A,T,T,T,A,A,A,A,C,A,T,G,A,A,C1,A,A,A1,A1,C,A,C,C,G,T,G,A,A6,G,A,A,T,T,G,G,G,G,A,G,A,G,G,T6,G,A,T,A1,G,T,G,A,A,A6,T1,G,C6,T,G,C,A6,T,T,T,A,C6,T,T1,C,T,A6,C,A,G6,T6,G,A,C,T,G,A6,T6,G,T,T,G,T1,C6,A,A6,T,A,T,T,A,A,T,T6,C,C,A,G,T6,A6,T,C,C,G,C,T6,G,C6,C6,C6,T,G,G,G,C6,C6,T,T,C,T,T,G,C,G,C1
43_L008_O,C,G,G,T1,A4,G4,A4,G,G4,G,A,G,A3,A,G,G,C1,C,A,G,G,A,T,A,A,C,C4,C1,T,G,G,G,G,C,G,C,G,G,T,G,T,T,C,A,A1,T,A1,A,A,A,T,C,G,T,G2,T,C4,T,G,T,T,T,C,A,G,A,T,T,G,G,C1,A,T,T,A,T,G,T,T,T,C3,G,A,G,T,A,A,T,C,A,T,T,C,T4,A,A,G,C,C,A,C,T,T,T,T1,C1,T,G,T,T,T,G,G,T,A,A,G,G,T,C1,C,T,C,T,T,T,C,T,T,C,T,T,T,A,A,G,T4,G,C,T,G,A,G1,T,A,A7,A7,A7,A7,A7,A7,A7,A7,A7,T,A,A,C,G,G,T1,T,A,G4,A,C,G4,T,A,C,T,C,G,G2,A,T,A,A,A,C,T4,A1,A,C,T,T,C,G1,T,T4,G,C,A,G,C,T,G,C,A,T,G,C,C,C,C,C,C,G,A,T,T,T,T,A,A4,C,T1,G,G,C,T,A1,C,G4,C,T,A,T3,A,G,G,C,T,C,C,T,C,A1,G,T,A,A,G3,T,C,A,G,C,G,C,C,G,G,T,C,G,C,T,T2,A2,G,G,C,C,G,A1,G,T,C,G4,T,A,T3,G,A3,T,C1,A,A,G,T,A,G,C,C,C,C,A4,A,T,G1,G,G,T4,C,C,G,C,T,C4,G,C,G,A,G,G,C,G,G,G,A,G4,G,A,A,C,A,A4,A,A,C,A,T,G,C,A,G,A,G,A,T,A,T,G,G3,C3,C,T,A,A,A4,T,A,G,C,C,C,A,G,G,G,A,T,A,T1,C3,A,T,G,T,A,A,C,A,G,C,T,A,G,C,A1,A,C,G,C,T,A,G,C,C,G,T,T1,A1,C4,C,A,T,T,C1,T1,A,T,C,A,T,G,C,C,G,C,T,G,T3,A,A,C,A,C,A1,C1,A,G,A3,A,A,G,A,A,T,T,T,A,A,A,A,C,A,T,G,A,A,C1,A,A,A1,A,C,A,C,C,G,T,G,A,A,G,A,A,T,T,G,G,G,G,A,G1,A,G,G,T,G,A,T,A,G,T,G,A,A,A,T1,G,C,T,G,C,A,T,T,T,A,C,T,T,C,T,A4,C,A,G,T,G,A,C,T,G,A4,T,G,T,T,G,T1,C6,A,A3,T,A,T,T,A,A,T,T6,C,C,A,G,T,A,T,C,C1,G,C,T,G,C,C,C4,T,G,G,G4,C,C,T,T,C,T,T,G,C,G,C1
44_L008_O,C,G,G4,T,A3,G4,A,G6,G6,G,A,G,A6,A,G,G,C1,C,A,G,G,A,T1,A,A,C,C3,C,T,G,G,G,G,C,G,C,G,G,T,G,T,T,C,A,A,T,A1,A,A1,A,T,C,G,T,G3,T,C4,T4,G,T3,T,T,C3,A,G,A,T,T,G,G,C1,A,T,T,A,T,G,T,T,T,C,G,A,G,T,A,A,T,C,A,T3,T3,C4,T4,A,A4,G,C,C,A,C,T,T,T,T1,C,T,G,T,T,T,G1,G,T,A,A,G,G,T,C,C,T3,C3,T3,T,T,C,T,T1,C,T1,T,T,A3,A,G,T,G,C,T,G,A,G1,T,A,C,A,A,G,G,G4,G4,A,G,T,A,A,C,G,G,T,T,A,G6,A,C,G4,T,A,C,T,C,G,G,A,T,A,A,A,C3,T,A,A,C,T,T,C,G1,T,T6,G,C,A,G,C,T,G,C,A,T,G,C,C,C,C,C,C,G,A,T,T,T,T,A1,A4,C,T1,G3,G,C,T,A,C,G4,C4,T,A,T3,A,G,G,C,T,C1,C1,C1,C1,C1,C1,C1,A,A,G4,T,C,A,G,C,G,C4,C,G,G,T4,C4,G1,C,T2,T3,A2,G,G,C,C,G,A,G,T,C,G,T,A,T3,G,A,T,C,A,A,G,T,A,G,C4,C,C,C,A,A,T,G,G,G,T3,C,C,G,C,T,C,G,C,G,A,G,G,C,G,G,G,A,G4,G,A,A,C,A,A,A,A,C,A,T,G,C4,A,G,A,G,A,T,A,T,G,G4,C4,C,T,A4,A,A,T4,A,G,C,C,C6,A,G,G1,G1,A1,T,A,T1,C,A,T,G4,T,A,A,C4,A,G,C,T,A3,G,C,A1,A,C,G,C,T,A,G,C,C,G,T,T,A,C4,C3,A4,T,T,C,T,A,T,C3,A3,T3,G4,C,C,G,C,T,G1,T4,A,A,C4,A,C,A,C1,A1,G,A,A,A4,G,A,A,T,T,T3,A1,A,A,A,C,A,T,G,A,A,C,A,A,A1,A,C,A,C,C,G,T,G1,A1,A1,G,A,A3,T,T4,G3,G,G,G,A,G,A,G,G1,T,G,A,T,A,G,T,G,A,A,A,T4,G,C,T,G,C,A,T,T3,T,A,C6,T,T,C,T,A3,C,A,G,T4,G,A,C,T,G,A4,T,G,T,T,G1,T1,C6,A,A,T,A,T,T,A1,A,T,T6,C,C1,A,G,T,A,T,C,C,G,C,T6,G,C,C,C4,T,G,G,G1,C6,C,T,T,C1,T,T,G,C,G,C
45_L008_O,C,G,G4,T1,A3,G4,A4,G4,C4,G,A,G,A3,A,G,G,C1,C,A,G,G,A,T1,A,A,C,C4,C,T,G,G,G,G3,C3,G,C,G,G,T,G,T,T,C,A,A1,T,A1,A,A4,A1,T,C,G,T4,G,T4,C4,T4,G3,T3,T,T,C4,A3,G,A,T,T3,G,G,C1,A,T4,T,A,T,G,T,T,T,C,G,A,G,T,A,A,T,C,A,T3,T,C4,T4,A,A4,G3,C3,C,A,C,T,T,T,T1,C,T4,G,T,T,T4,G,G,T,A,A,G,G,T,C,C,T4,C3,T3,T,T,C4,T,T4,C,T1,T,T,A4,A,G,T3,G,C,T,G,A,G,T,A,C,A,A,G,G,G4,G4,A,G,T,A,A,C4,G3,G,T,T3,A,G4,A,C3,G4,T,A,C,T,C,G,G,A,T,A4,A,A,C4,T,A,A4,C,T,T,C4,G,T,T4,G,C,A,G,C,T3,G,C,A,T,G,C4,C,C,C,C,C,G,A,T3,T,T,T,A,A3,C,T1,G4,G,C,T,A,C,G3,C3,T,A,T4,A4,G,G,C,T,C,G7,G7,C,A,G,T,A,A,G4,T,C,A,G,C,G4,C4,C,G,G,T4,C3,G,C,T2,T4,A2,G,G,C,C,G,A,G,T3,C,G,T,A3,T4,G,A,T4,C,A,A,G,T,A,G,C3,C,C,C,A4,A,T,G,G,G,T4,C,C3,G,C,T,C,G,C,G,A,G,G,C,G,G,G,A,G4,G,A,A,C,A,A,A4,A,C,A,T,G,C4,A,G3,A,G,A,T3,A,T,G,G4,C4,C,T,A4,A,A4,T,A,G3,C3,C,C4,A,G,G,G,A,T,A,T1,C,A,T,G3,T,A,A,C3,A,G,C,T,A4,G,C,A,A,C,G,C,T,A,G,C,C,G,T,T,A,C4,C4,A3,T,T,C,T,A,T,C4,A4,T4,G,C,C,G,C1,T,G,T4,A,A4,C3,A,C,A,C1,A1,G3,A4,A,A4,G,A,A,T,T,T3,A,A1,A4,A,C,A,T,G3,A,A,C,A,A,A1,A,C,A,C4,C,G,T,G4,A,A,G,A3,A3,T,T3,G3,G,G,G,A,G,A,G4,G,T4,G1,A,T4,A,G,T,G1,A,A,A,T4,G,C,T,G,C,A,T,T,T,A,C,T,T1,C,T,A3,C4,A,G3,T3,G,A4,C,T,G,A3,T,G,T4,T,G,T,C,A,A3,T4,A,T,T,A,A,T,T4,C,C,A,G,T,A,T,C,C1,G,C,T,G,C,C4,C4,T,G,G,G,C4,C,T4,T,C,T,T,G,C,G,C
46_L008_O,C,G,G,T1,A4,G4,A4,G3,G4,G1,A,G,A4,A,G,G,C1,C,A,G,G,A4,T1,A,A,C,C,C1,T,G,G,G4,G,C,G,C,G,G,T3,G,T,T,C,A4,A3,T,A1,A,A,A1,T,C,G,T,G4,T,C,T,G,T,T,T,C,A,G,A,T4,T,G,G1,C1,A,T4,T,A,T,G,T,T,T4,C3,G,A,G,T,A,A,T,C,A,T3,T3,C4,T3,A,A3,G3,C3,C,A4,C,T,T,T,T1,C,T4,G,T,T,T3,G,G,T,A,A,G,G,T,C1,C,T3,C,T,T,T,C,T,T,C3,T1,T,T,A4,A,G,T3,G,C,T3,G,A,G,T,A,C,A,A,G,G,G3,G,A,G,T,A,A,C4,G3,G,T,T3,A,G4,A,C,G3,T,A,C,T,C4,G,G2,A,T,A,A,A,C3,T3,A1,A,C,T,T,C,G1,T,T4,G,C,A,G,C,T,G,C,A,T,G,C3,C1,C,C,C,C3,G,A,T,T,T,T,A,A4,C,T1,G,G,C,T,A,C,G4,C,T,A,T3,A,G,G,C,T,C4,C,T,C,A1,G,T,A,A,G3,T,C,A,G,C,G,C4,C,G,G3,T4,C,G1,C,T2,T3,A2,G,G3,C,C,G,A1,G,T3,C,G,T,A3,T4,G3,A4,T3,C1,A,A,G,T3,A3,G,C4,C,C,C,A4,A,T,G,G,G,T4,C,C,G,C,T,C3,G,C,G,A,G,G,C3,G,G,G,A,G3,G,A,A,C,A,A,A,A,C,A,T,G,C4,A,G,A,G,A,T4,A1,T4,G3,G3,C3,C,T,A,A,A3,T,A,G,C,C,C4,A,G,G,G,A,T,A,T1,C3,A,T,G,T,A,A,C,A,G,C,T3,A4,G,C,A1,A,C,G,C,T,A,G,C,C,G,T,T,A,C3,C4,A,T3,T,C,T,A,T,C,A,T3,G,C,C,G,C1,T,G,T4,A3,A4,C,A,C,A,C,A,G,A3,A,A,G,A,A,T,T,T,A,A1,A,A,C,A,T,G,A3,A4,C1,A1,A,A1,A,C,A,C,C,G,T,G,A,A4,G,A3,A,T,T,G,G,G1,G,A,G1,A,G,G,T,G1,A,T4,A,G,T,G,A,A1,A,T1,G3,C,T,G,C,A,T,T,T,A,C,T,T,C,T,A4,C,A,G,T,G,A,C,T,G,A4,T,G4,T,T,G,T,C3,A,A,T,A,T,T1,A1,A,T,T4,C,C,A,G,T,A,T,C,C4,G,C,T,G,C,C,C4,T,G,G,G,C,C,T,T,C,T,T,G,C,G,C1
48_L008_O,C,G,G4,T,A4,G4,A4,A4,A4,G,A,G,A4,A,G,G3,C1,C,A,G,G,A3,T1,A,A,C,C4,C,T,G,G,G4,G3,C3,G,C,G,G,T3,G,T,T,C,A,A3,T,A1,A3,A1,A,T,C,G,T4,G,T3,C4,C4,G,T4,T,T,C4,A3,G3,A4,T3,T4,G,G1,C1,A,T,T4,A4,T,G,T,T,T,C4,G,A3,G3,T,A3,A,T1,C,A3,T4,T4,C3,T4,A4,A4,G4,C3,C,A4,C3,T3,T,T,T1,C,T4,G4,T,T,T4,G,G,T,A,A3,G3,G,T,C,C,T3,C4,T4,T,T,C4,T,T4,C3,T,T,T,A4,A,G,T,G,C,T4,G,A,G1,T,A4,C,A,A,G,G3,G3,G4,A,G,T,A,A3,C4,G3,G,T1,T3,A,G4,A,C3,G4,T3,A,C,T,C,G3,G2,A,T,A4,A4,A,C3,T3,A,A3,C,T4,T4,C3,G,T3,T4,G3,C3,A4,G4,C4,T3,G,C,A3,T,G,C4,C,C,C3,C,C4,G,A,T,T,T,T4,A,A3,C,T1,G4,G,C,T3,A3,C,G4,C4,T,A,T4,A3,G,G3,C3,T,C,C,T3,C4,A1,G,T,A,A,G4,T4,C,A3,G4,C3,G,C4,C,G,G,T4,C4,G,C3,T4,T3,A2,G,G,C,C,G3,A,G,T3,C,G4,T3,A,T3,G,A3,T3,C3,A,A,G,T3,A3,G,C4,C,C,C,A4,A,T,G4,G,G,T,C4,C,G4,C4,T,C4,G,C,G,A,G,G4,C,G,G,G,A,G,G,A,A,C,A,A,A,A,C,A,T,G,C4,A,G4,A3,G3,A,T3,A,T4,G3,G3,C5,C,T,A3,A,A4,T,A,G,C,C,C4,A,G,G,G,A,T,A,T1,C,A,T,G3,T4,A,A,C4,A3,G1,C1,T4,A4,G,C,A1,A,C4,G,C,T4,A,G,C,C3,G3,T,T,A3,C4,C3,A3,T,T3,C,T,A4,T4,C4,A3,T4,G4,C,C3,G4,C1,T,G,T4,A3,A,C3,A3,C,A,C1,A,G,A4,A3,A4,G,A,A,T,T,T3,A,A,A4,A,C3,A4,T,G4,A3,A,C,A,A,A,A,C4,A,C,C,G,T,G4,A,A,G,A3,A4,T,T4,G4,G,G1,G,A,G1,A,G,G4,T,G1,A,T,A,G,T,G,A4,A3,A1,T4,G,C,T,G,C3,A,T,T4,T,A,C3,T3,T,C,T,A4,C,A4,G,T4,G,A,C,T,G,A4,T3,G,T,T3,G,T,C,A,A3,T,A,T,T,A,A,T1,T4,C,C,A,G,T,A,T,C,C1,G,C,T4,G,C,C,C7,T1,G,G,G,T4,C,T,T,C4,T4,T3,G,C,G,C
4_L008_O,C6,G,G6,T1,A6,G6,A,G6,G6,G6,A,G,A6,A,G,G,C1,C,A,G,G,A,T1,A,A,C,C6,C,T,G,G,G,G,C,G,C,G,G,T,G,T,T,C,A,A,T,A1,A,A,A1,T,C,G,T6,G6,T,C6,T6,G,T6,T,T,C6,A6,G,A,T,T,G,G,C1,A,T,T,A,T,G,T1,T6,T,C,G,A,G,T,A,A,T,C,A6,T6,T6,C6,T6,A,A6,G,C,C,A,C,T,T6,T,T6,C,C,G,T,T,T,G6,G,T,A,A,G,G,T,C,C,T6,C,T,T,T,C,T,T,C,T,T,T6,A6,A,G,T,G,C,T,G,A,G1,T1,A,C,A,A,G,G,G6,G6,A,G,T,A,A,C,G,G,T,T6,A,G6,A,C,G,T,A,C,T,C,G,G2,A,T,A6,A,A,C6,T,A,A,C,T,T,C,G1,T,T6,G,C,A,G,C,T,G,C,A,T,G,C,C,C,C,C,A,G,A,T,T,T,T,A,A6,C,T1,G6,G,C,T,A,C6,G6,C6,T,A,T6,A6,G,G,C,T,C,C,T,C,A1,G,T,A,A,G6,T,C,A,G,C,G,C6,C,G,G6,T6,C6,G,C,T2,T2,A2,G,G,C,C,G,A6,G,T,C,G,T,A,T,G,A6,T,C6,A,A,G,T6,A6,G,C6,C,C,C,A,A,T,G,G,G,T6,C,C,G,C,T,C,G,C,G,A,G,G,C,G,G,G,A,G,G,A,A,C,A,A,A,A,C,A,T,G,C6,A,G6,A6,G,A,T,A,T,G,G6,C6,C,T,A6,A,A6,T,A,G,C,C,C6,A,G,G,G,A,T,A,T1,C6,A6,T6,G6,T,A,A,C,A,G,C,T,A,G,C,A1,A,C,G6,C,T,A6,G,C,C,G,T,T,A,C6,C6,A6,T,T,C,T,A,T,C6,A,T,G,C,C,G,C,T,G,T6,A,A,C,A,C,A,C1,A,G,C,A,A,G,A,A,T,T,T,A,A,A,A,C,A6,T,G,A,A,C,A,A,A6,A6,C,A,C,C,G,T,G,A,A,G,A,A6,T,T,G,G,G,G,A,G,A,G,G,T6,G1,A,T,A,G,T,G1,A,A,A6,T,G,C6,T,G,C,A,T,T,T,A,C6,T,T,C,T,A,C,C,G6,T6,G,A,C,T,G6,A6,T6,G,T,T,G,T,C6,A,A,T,A,T,T,A1,A,T,T6,C,C,A,G,T6,A,T,C,C1,G6,C6,T6,G,C,C6,C6,T,G,G,G,C6,C6,T,T,C,T,T,G,C,G,C
50_L008_O,C4,G,G4,T1,A4,G3,A4,G4,G4,G,A,G,A4,A,G,G,C1,C,A,G,G,A,T1,A,A,C,C4,C1,T,G,G,G3,G4,C4,G,C,G,G,T,G,T,T,C,A,A1,T,A4,A,A,A,T,C,G,T,G3,T3,C4,T,G,T,T,T,C3,A,G,A3,T,T,G,G,C1,A,T,T1,A,T,G3,T1,T,T4,C4,G,A,G,T3,A,A,T1,C,A,T3,T3,C4,T4,A,A3,G4,C3,C,A,C,T4,T,T,T,C,T4,G,T,T,T,G,G,T,A,A,G,G3,T,C1,C,T3,C,T,T,T,C,T,T,C4,T1,T,T,A3,A,G,T4,G,C,T4,G,A,G,T,A,C,A,A,G,G,G3,G4,A,G,T,A,A,C,G3,G,T,T3,A,G4,A,C,G,T,A,C,T,C,G,G2,A,T,A3,A,A,C,T4,A1,A,C,T,T,C,G1,T,T4,G,C,A,G,C,T,G,C,A,T,G,C,C,C,C,C1,C,G,A,T,T,T,T,A,A4,C,T1,G4,G,C,T,A,C,G4,C,T,A,T3,A,G,G,C,T,C,C,T,C,A1,G3,T,A,A,G4,T,C,A,G,C,G,C3,C,G,G3,T3,C,G,G7,T4,T4,A,G,G,C,C,G,A1,G,T,C,G4,T,A3,T4,G,A3,T3,C,A,A,G,T,A,G,C3,C,C,C,A,A,T,G1,G,G,T4,C,C,G,C,T,C,G,C,G,A,G,G,C,G4,G,G,A,G4,G,A4,A,C,A3,A,A,A,C,A,T,G,C3,A,G3,A,G,A,T4,A,T,G,G4,C3,C,T,A3,A,A4,T,A,G4,C4,C,C3,A,G,G4,G,A,T,A4,T,C3,A,T,G,T,A,A,C,A,G,C,T,A,G,C,A1,A,C,G3,C3,T,A3,G,C,C,G,T,T,A,C4,C3,A4,T,T,C,T,A,T,C,A3,T,G,C,C,G,C,T,G1,T4,A,A,C4,A,C,A,C1,A,G4,A3,A,A,G,A,A,T,T,T3,A1,A,A3,A,C4,A,T,G,A3,A,C1,A,A,A1,A,C,A3,C,C,G,T,G1,A4,A,G,A,A,T,T4,G3,G,G,G,A,G1,A,G,G,T,G,A,T,A,G,T,G1,A,A,A,T1,G,C4,T,G,C,A,T,T,T,A,C,T,T1,C,T,A3,C3,A,G3,T3,G,A,C,T,G,A3,T4,G,T4,T,G,T,C4,A,A3,T,A,T,T,A1,A,T,T4,C,C,A,G,T,A,T,C4,C,G,C,T,G,C,C3,C4,T,G,G,G,C3,C,T,T1,C,T4,T,G,C,G,C1
51_L008_O,C,G,G,T,A,G,A6,G6,G6,G6,A,G,A6,A,G,G,C1,C,A,G,G,A,T1,A,A,C,C4,C,T,G,G,G,G,C,G,C,G,G,T,G,T,T,C,A,A1,T,A1,A,A,A1,T,C,G,T,G3,T1,C1,T,G,T,T,T,C,A,G,A,T,T,G,G,C1,A,T,T,A,T,G,T1,T,T,C6,G6,A,G,T,A,A,T,C,A,T,T,C,T6,A,A,G,C,C,A,C,T,T,T,T1,C,T,G,T,T,T,G,G,T,A,A,G,G,T,C1,C,T,C,T,T,T,C,T,T,C,T,T,T6,A,A,G,T,G,C,T,G,A,G,T,A,C,A,A1,G,G,G,G,A,G,T,A,A,C,G,G,T,T,A,G6,A,C,G,T,A,C,T,C,G,G2,A,T,A,A,A,C,T4,A1,A,C,T,T,C,G1,T,T,G,C,A,G,C,T,G,C,A,T,G,C,C,C,C,C1,C,G,A,T,T,T,T,A,A,C,T1,G,G,C,T,A,C1,G,C,T,A,T,A,G,G,C,T,C,C,T,C,A1,G,T,A,A,G6,T,C,A,G,C,G,C,C,G,G,T,C,G,C,T2,T2,A2,G,G,C,C,G,A1,G6,T,C,G,T,A6,T6,G,A,T,C1,A,A,G,T,A,G,C,C,C,C1,A,A,T,G1,G,G,T,C,C,G,C,T,C,G,C,G,A,G,G,C,G,G,G,A,G,G,A,A,C,A,A,A,A,C,A,T,G,C,A,G,A,G,A,T,A,T,G,G1,C1,C,T,A,A,A6,T,A,G,C,C,C,A,G,G,G,A,T,A,T1,C6,A,T,G,T,A,A,C,A,G,C,T,A,G,C,A1,A,C,G,C,T1,A,G,C,C,G,T,T1,A1,C,C,A,T,T,C1,T1,A1,T,C,A,T,G,C,C,G,C1,T,G,T6,A,A,C,A,C,A,C1,A,G,A,A,A,G,A,A,T,T,T,A,A,A,A,C,A,T,G,A,A,C1,A,A,A1,A,C,A,C,C,G,T,G,A,A,G,A,A,T,T,G,G,G,G,A,G1,A,G,G,T6,G1,A,T4,A1,G,T,G,A,A1,A1,T1,G,C,T,G,C,A,T,T,T,A,C6,T,T1,C,T,A,C,A,G,T,G,A,C,T,G,A,T,G,T,T,G,T,C6,A,A6,T,A,T,T1,A1,A,T,T6,C,C,A,G,T6,A,T,C,C,G,C,T6,G,C,C6,C6,T,G,G,G,C6,C,T,T,C1,T1,T,G,C,G,C1
52_L008_O,C,G,G,T,A,G,A6,G6,G6,G6,A,G,A6,A,G,G,C1,C,A,G,G,A,T1,A,A,C,C,C,T,G,G,G,G6,C6,G,C,G,G,T6,G,T,T,C,A,A1,T,A1,A6,A,A,T,C,G,T6,G6,T1,C1,T,G,T,T,T,C,A1,G,A,T,T,G,G,C1,A,T,T,A,T,G,T,T6,T,C,G,A,G,T,A,A,T,C,A,T,T,C6,T6,A,A6,G6,C6,C,A,C,T,T,T,T1,C,C,G,T,T,T,G,G,T1,A,A,G,G,T,C1,C,T6,C,T,T,T,C,T,T,C,T1,T,T6,A,A,G,T,G,C,T,G,A,G,T,A,A7,A7,A7,A7,A7,A7,A7,A7,A7,T,A,A,C,G,G,T,T6,A,G6,A,C,G,T,A,C,T,C6,G,G2,A,T,A,A,A,C,T,A1,A,C,T,T,C,G1,T,T6,G,C,A6,G1,C1,T,G1,C1,A,T,G,C,C,C6,C,C1,C,G,A,T,T,T,T,A1,A,C,T1,G,G,C,T,A1,C1,G,C,T,A,T,A,G,G,C,T,C,C,T,C,A1,G,T,A,A,G6,T,C,A,G,A,G6,C,C,G,G6,T,C,G1,C,T2,T6,A2,G,G,C,C,G,A1,G,T,C6,G,T,A6,T6,G,A,T6,C1,A,A,G,T6,A,G,C,C,C,C,A,A,T,G1,G,G,T,C,C,G,C,T,C,G,C,G,A,G,G,C,G,G,G,A,G6,G,A,A,C6,A,A,A,A,C,A,T,G,C,A,G,A,G,A,T,A,T,G,G1,C1,C,T,A6,A,A6,T,A,G,C,C,C,A,G,G,G,A,T,A,T1,C6,A6,T1,G,T,A,A,C,A,G,C,T6,A,G,C,A1,A,C,G,C,T,A6,G,C,C,G,T,T1,A1,C,C,A,T,T,C,T,A1,T1,C,A,T,G,C,C,G,C,T,G1,T6,A,A,C,A,C,A,C1,A,G,C,A,A,G,A,A,T,T,T,A1,A,A,A,C,A,T,G6,A,A,C1,A,A,A1,A,C1,A,C,C,G,T,G,A,A,G,A,A,T,T6,G6,G,G,G,A,G,A,G,G,T6,G1,A,T,A1,G,T,G,A,A,A6,T1,A,C6,T6,G,C,A,T,T1,T,A,C6,T,T1,C,T,A6,C,C,G,T,G,A,C,T,G,A,T,G,T,T,G1,T,C6,A,A6,T,A,T,T,A1,A,T,T6,C,C,A,G,T6,A,T,C,C1,G,C,T6,G,C6,C6,C6,T,G,G,G,C6,C6,T,T,C1,T1,T,G,C,G,C1
53_L008_O,C,G,G,T,A,G,A4,G6,G6,G6,A,G,A6,A,G,G,C,C,A,G,G,A,T1,A,A,C,C4,C,T,G,G,G,G,C,G,C,G,G,T,G,T,T,C,A,A1,T,A1,A,A,A,T,C,G,T,G6,T,C,T,G,T,T,T,C,A,G,A,T,T,G,G,C1,A,T,T,A,T,G,T,T6,T,C,G,A,G,T,A,A,T,C,A,T,T,C,T6,A,A,G,C,C,A,C,T,T,T,T1,C,C,G,T,T,T,G,G,T,A,A,G,G,T,C1,C,T6,C,T,T,T,C,T,T,C,T1,T,T6,A,A,G,T4,G,C,T,G,A,G1,T,A,A7,A7,A7,A7,A7,A7,A7,A7,A7,T,A,A,C,G,G,T,T,A,G6,A,C,G,T,A,C,T,C,G,G2,A,T,A,A,A,C,T,A1,A,C,T,T,C,G1,T,T6,G,C,A,G1,C1,T,G,C,A,T,G,C,C,C,C,C,C,G,A,T,T,T,T,A,A,C,T1,G,G,C,T,A,C1,G,C,T,A,T6,A6,G,G,C,T,C,C,T,C,A1,G,T,A,A,G6,T,C,A,G,A,G,C,C,G,G,T,C,G1,G1,T6,T,A,G,G,C,C,G,A6,G,T,C,G4,T,A,T,G,A,T,C1,A,A,G,T,A,G,C4,C,C,C,A,A,T,G1,G,G,T,C,C,G,C,T,C,G,C,G,A,G,G,C,G,G1,G,A,G4,G,A,A,C,A,A,A,A,C,A,T,G,C,A,G,A,G,A,T,A1,T,G,G,C,C,T,A6,A,A,T,A,G,C,C,C,A,G,G,G,A,T,A,T,C6,A6,T,G,T,A,A,C,A,G,C,T,A,G,C,A1,A,C,G,C,T,A,G,C,C,G,T,T1,A1,C4,C,A4,T,T,C,T,A1,T,C,A,T,G,C,C,G,C,T,G1,T,A,A,C,A,C,A,C1,A1,G,C,A,A,G,A,A,T,T,T,A1,A,A,A,C,A,T,G,A,A,C1,A,A,A1,A,C,A,C,C,G,T,G,A4,A,G,A,A,T,T,G,G,G,G,A,G,A,G,G,T6,G,A,T,A1,G,T,G,A,A1,A6,T,A,C,T,G,C,A,T,T,T,A,C6,T,T1,C,T,A,C,C,G,T,G,A,C,T,G,A6,T,G,T,T,G1,T,C6,A,A,T,A,T,T,A1,A,T,T6,C,C,A,G,T6,A,T,C,C,G,C,T6,G,C,C6,C6,T,G,G,G,C6,C6,T,T,C1,T,T,G,C,G,C1
54_L008_O,C,G,G,T,A4,G4,A4,G6,G6,G6,A,G,A6,A,G,G,C1,C,A,G,G,A,T1,A,A,C,C4,C,T,G,G,G,G,C,G,C,G,G,T,G,T,T,C,A,A1,T,A1,A,A,A,T,C,G,T,G3,T,C,T,G,T,T,T,C,A,G,A,T,T,G,G,C1,A,T,T1,A,T,G,T,T6,T,C,G,A,G,T,A,A,T,C,A,T,T,C4,T,A,A,G,C,C,A,C,T,T,T,T1,C,C,G,T,T,T,G,G,T,A,A,G,G,T,C,C,T3,C,T,T,T,C,T,T,C,T1,T,T,A,A,G,T,G,C,T,G,A,G,T,A,C,A,A,G,G,G,G,A,G,T,A,A,C,G,G,T,T,A,G6,A,C,G,T,A,C,T,C,G,G2,A,T,A,A,A,C,T,A1,A,C,T,T,C,G1,T,T4,G,C,A,G,C,T,G,C,A,T,G,C,C,C,C,C,C,G,A,T,T,T,T,A,A4,C,T1,G,G,C,T,A,C,G4,C,T,A,T3,A,G,G,C,T,C,C7,C7,C7,C7,C7,C7,A,A,G6,T,C,A,G,C,G,C,C,G,G,T,C,G,C,T2,T2,A2,G,G,C,C,G,A6,G,T,C,G,T,A,T3,G,A,T,C1,A,A,G,T,A,G,C4,C,C,C,A,A,T,G1,G,G,T,C,C,G,C,T,C,G,C,G,A,G,G,C,G,G,G,A,G4,G,A,A,C,A,A,A,A,C,A,T,G,C4,A,G,A,G,A,T,A,T,G,G4,C,C,T,A6,A,A,T,A,G,C,C,C,A,G,G,G,A,T,A,T1,C3,A,T,G,T,A,A,C,A,G,C,T,A,G,C,A1,A,C,G,C,T,A,G,C,C,G,T,T,A,C4,C,A,T,T,C,T,A,T,C,A,T,G,C,C,G,C1,T,G,T,A,A,C,A,C,A,C,A,G,C,A,A,G,A,A,T,T,T,A,A,A,A,C,A,T,G,A,A,C1,A,A,A1,A,C,A,C,C,G,T,G,A,A,G,A,A,T,T,G,G,G,G,A,G1,A,G,G,T6,G,A,T,A,G,T,G,A,A,A6,T1,G,C,T,G,C,A,T,T,T,A,C6,T,T,C,T,A,C,C,G,T,G,A,C,T,G,A4,T,G,T,T,G,T,C,A,A,T,A,T,T,A1,A,T,T6,C,C,A,G,T,A,T,C,C,G,C,T,G,C,C6,C6,T,G,G,G,C6,C,T,T,C1,T,T,G,C,G,C1
55_L008_O,C,G,G,T,A,G,A4,G6,G6,G6,A,G,A6,A,G,G,C1,C,A,G,G,A,T1,A,A,C,C4,C1,T,G,G,G,G,C,G,C,G,G,T,G,T,T,C,A,A,T,A1,A,A,A,T,A,G,T,G3,T,C,T,G,T,T,T,C,A,G,A,T,T,G,G,C1,A,T,T,A,T,G,T1,T,T,C,G,A,G,T,A,A,T,C,A,T3,T,C,T6,A,A,G,C,C,A,C,T,T,T,T1,C,C,G,T,T,T,G,T,T,A,A,G,G,T,C1,C,T,C,T,T,T,C,T,T,C,T1,T,T,A,A,G,T,G,C,T,G,A,G,T,A,C,A,A,G,G,G4,G,A,G,T,A,A,C,G,G,T1,T,A,G6,A,C,G,T,A,C,T,C,G,G2,A,T,A,A,A,C,T,A,A,C,T,T,C,G1,T,T6,G,C,A6,G,C,T,G,C,A,T,G,C,C,C,T,T,C,G,A,T,T,T,T,A,A,C,T1,G,G,C,T,A,C,G,C,T,A,T,A,G,G,C,T,C,G,T,C,A1,G,T,A,A,G,T,C,A,G,C,G,C,C,G,G,T,C,G1,C,T2,T2,A2,G,G,C,C,G,A6,G,T,C,G4,T,A,T3,G,A4,T,C1,A,A,G,T,A,G,C4,C,C,C,A,A,T,G1,G,G,T,C,C,G,C,T,C,G,C,G1,A,G,G,C,G,G,G,A,G,G,A,A,C,A,A,A,A,C,A,T,G,C,A,G,A,G,A,T,A1,T,G,G,C,C,T,A6,A,A6,T,A,G,C,C,C,A,G,G,G,A,T,A,T1,C6,A,T,G,T,A,A,C,A,G,C,T,A,G1,C1,A1,A,C,G,C,T,A,G,C,C,G,T,T,A,C4,C,A,T,T,C,T,A1,T,C,A,T,G,C,C,G,C,T,G,T6,A,A,C,A,C,A,C1,A1,G,C,A,A,G,A,A,T,T,T,A1,A,A,A,C,A,T,G,A,A,C1,A,A,A1,A,C,A,C,C,G,T,T,A,A,G,A,A,T,T,G,G,G,G,A,G,A,G,G,T,G,A,T,A,G,T,G,A,A,A6,T1,G,C,T,G,C,A,T,T,T,A,C6,T,T1,C,T,A,C,C,G,T,G,A,C,T,G,A6,T,G,T,T,G1,T,C6,A,A,T,A,T,T,A1,A,T,T6,C,C,A,G,T6,A,T,C,C1,G,C,T,G,C,C6,C6,T,G,G,G,C6,C,T,T,C1,T,T,G,C,G,C1
56_L008_O,C,G,G,T,A4,G,A4,G6,G6,G6,A,G,A6,A,G,G,C1,C,A,G,G,A,T1,A,A,C,C,C,T,G,G,G,G,C,G,C,G,G,T,G,T,T,C,A,A1,T,A1,A,A,A1,T,C,G,T,G4,T,C,T,G,T,T,T,C,A,G,A,T,T,G,G,C1,A,T,T1,A,T,G,T1,T6,T,C,G,A,G,T,A,A,T,C,A,T,T,C,T6,A,A,G,C,C,A,C,T,T,T,T1,C,C,G,T,T,T,G,G,T,A,A,G,G,T,C1,C,T6,C,T,T,T,C,T1,T,C,T1,T,T,A,A,G,T,G,C,T,G,A,G1,T,A,A7,A7,A7,A7,A7,A7,A7,A7,A7,T,A,A,C,G,G,T,T6,A,G6,A,C,G,T,A,C,T,C,G,G2,A,T,A,A,A,C,T,A1,A,C,T,T,C,G1,T,T6,G,C,A,G,C,T,G,C,A6,T,G,C,C,C,C,C1,C,G,A,T,T,T,T,A1,A6,C,T1,G,G,C,T,A,C1,G4,C,T,A,T,A,G,G,C,T,C,C,T,C,A1,G,T,A,A,G6,T,C,A,G,C,G,C,C,G,G,T,C,G,C,T2,T2,A2,G,G,C,C,G,A1,G,T,C,G,T,A6,T6,G,A,T4,C1,A,A,G,T,A,G,C,C,C,C,A,A,T,G1,G,G,T,C,C,G,C,T,C,G,C,G,A,G,G,C,G,G,G,A,G4,G,A,A,C,A,A,A,A,C,A,T,G,C,A,G,A,G,A,T,A,T,G,G,C,C,T,A6,A,A6,T,A,G,C,C,C,A,G,G,G,A,T,A,T1,C,A,T,G,T,A,A,C,A,G,C,T,A,G,C,A1,A,C,G,C,T,A,G,C,C,G,T,T,A,C,C,A4,T,T,C,T,A1,T1,C,A,T,G,C,C,G,C,T,G1,T6,A,A,C,A,C,A1,C,A1,G,A,A,A,G,A,A,T,T,T,A1,A,A,A,C,A,T,G,A,A,C1,A,A,A1,A,C,A,C,C,G,T,G1,A1,A1,G,A,A,T,T,G,G,G,G,A,G,A,G,G,T,G,A,T,A,G,T,G,A,A1,A6,T1,G,C,T,G,C,A,T,T1,T,A,C6,T,T,C,T,A,C,A,G,T,G,A,C,T,G,A4,T,G,T,T,G1,T,C6,A,A6,T,A,T,T,A1,A,T,T6,C,C,A,G,T,A,T,C,C1,G,C,T,G,C6,C6,C6,T,G,G,G,C6,C6,T,T,C1,T1,T,G,C,G,C1
57_L008_O,C,G,G,T,A,G,A3,G,G,G1,A,G,A6,A,G,G,C1,C,A,G,G,A,T,A,A,C,C4,C,T,G,G,G,G6,C6,G,C,G,G,T,G,T,T,C,A,A,T,A1,A6,A,A,T,C,G,T,G2,T1,C1,T,G,T,T,T,C,A,G,A,T,T,G,G,C1,A,T,T,A,T,G,T1,T,T,C,G,A,G,T,A,A,T,C,A,T,T,C,T,A,A,G,C,C,A,C,T,T,T,T1,C,C,G,T,T,T,G,G,T,A,A,G,G,T,C1,C,T,C,T,T,T,C,T,T1,C,T1,T,T,A,A,G,T,G,C,T,G,A,G1,T1,A,C,A,A,G,G,G,G,A,G,T,A,A,C,G4,G,T,T,A,G6,A,C,G,T,A,C,T,C,G,G2,A,T,A,A,A,C,T,A1,A,C,T,T,C,G1,T,T,G,C,A,G,C,T,G1,C1,A,T,G,C,C1,C,C,C1,C,G,A,T,T,T,T,A,A,C,T1,G,G,C,T,A1,C,G,C,T,A,T,A,G,G,C,T,C,C7,C7,C7,C7,C7,C7,A,A,G,T,C,A,G,C,G,C,C,G,G,T,C,G,C,T2,T2,A2,G,G,C,C,G,A1,G,T,C,G4,T,A6,T6,G,A,T,C1,A,A,G,T,A,G,C,C,C,C,A,A,T,G1,G,G,T,C,C,G,C,T,C4,G,C,G,A,G,G,C,G,G,G,A,G,G,A,A,C,A,A,A,A,C,A1,T,G,C,A,G,A,G,A,T,A,T,G,G1,C1,C,T,A,A,A,T,A,G,C,C,C,A,G,G,G,A,T,A,T1,C6,A6,T1,G1,T,A,A,C,A,G,C,T,A,G,C,A1,A,C,G,C,T,A,G,C,C,G,T,T,A,C,C,A,T,T,C,T,A1,T,C,A,T,G,C,C,G,C1,T,G1,T,A,A,C,A,C,A,C1,A,G,A,A4,A,G,A,A,T,T,T,A,A,A,A,C,A,T,G,A,A,C1,A,A,A1,A,C,A,C,C,G,T,G1,A1,A1,G,A,A,T,T,G,G,G,G,A,G,A,G,G,T,G,A,T,A1,G,T,G,A,A,A1,T1,G,C,T,G,C,A,T,T,T,A,C6,T1,T,C,T,A,C,A,G,T,G,A,C,T,G,A,T,G,T,T,G,T,C6,A,A6,T,A,T,T,A1,A,T,T6,C,C,A,G,T,A,T,C,C,G,C,T,G,C,C,C,T,G,G,G,C,C,T,T,C,T,T,G,C,G,C1
58_L008_O,C,G,G,T,A,G,A,G6,G6,G1,A,G,A6,A,G,G,C1,C,A,G,G,A,T1,A,A,C,C,C1,T,G,G,G,G,C,G,C,G,G,T,G,T,T,C,A,A,T,A1,A,A,A,T,C,G,T,G3,T,C,T,G,T,T,T,C,A,G,A,T,T,G,G,C1,A,T,T,A,T,G,T,T,T,C,G,A,G,T,A,A,T,C,A,T,T,C,T6,A,A,G,C,C,A,C,T,T,T,T1,C,T,G,T,T,T,G,G,T,A,A,G,G,T,C1,C,T,C,T,T,T,C,T,T,C,T,T,T,A,A,G,T,G,C,T,G,A,G1,T,A,A7,A7,A7,A7,A7,A7,A7,A7,A7,T,A,A,C4,G,G,T,T,A,G6,A,C,G,T,A,C,T,C,G,G2,A,T,A,A,A,C,T,A1,A,C,T,T,C,G1,T,T,G,C,A,G,C,T,G,C,A,T,G,C,C1,C,C,C,C,G,A,T,T,T,T,A,A,C,T1,G,G,C,T,A,C,G,C,T,A,T,A,G,G,C,T,C,C,T,C,A1,G,T,A,A,G6,T,C,A,G,C,G,C,C,G,G,T,C,G1,C,T2,T2,A2,G,G,C,C,G,A1,G,T,C,G,T,A6,T6,G,A,T,C1,A,A,G,T,A,G,C,C,C,C,A,A,T,G,G,G,T,C,C,G,C,T,C,G,C,G,A,G,G,C,G,G,G,A,G4,G,A,A1,C,A,A,A,A,C1,A,T,G,C,A,G,A,G,A,T,A1,T,G,G,C,C,T,A,A,A6,T,A,G,C,C,C,A,G,G,G,A,T,A,T1,C3,A,T,G,T,A,A,C,A,G,C,T,A,G1,C1,A1,A,C,G,C,T,A6,G,C,C,G,T,T,A,C,C,A,T,T,C,T,A1,T,C,A,T,G,C,C,G,C,T,G1,T4,A,A,C,A,C,A,C,A,G,A,A,A,G,A,A,T,T,T,A1,A1,A,A,C,A,T,G,A,A,C1,A,A,A1,A,C,A,C,C,G,T,G,A,A,G,A,A,T,T,G,G,G,G,A,G,A,G,G,T,G1,A,T,A,G,T,G,A,A,A,T1,G,C,T,G,C,A,T,T,T,A,C,T,T1,C,T,A,C,A,G,T,G,A,C,T,G,A,T,G,T,T,G1,T,C,A,A6,T,A,T,T1,A1,A,T,T6,C,C,A,G,T,A,T,C,C1,G,C,T,G,C,C6,C6,T,G,G,G,C6,C,T,T,C,T,T,G,C,G,C1
59_L008_O,C,G,G,T,A6,G6,A,G6,G6,G6,A,G,A6,A,G,G,C,C,A,G,G,A,T1,A,A,C,C6,C,T,G,G,G,G,C,G,C,G,G,T,G,T,T,C,A,A1,T,A,A,A,A1,T,C,G,T,G6,T,C,T,G,T6,T,T,C,A,G,A,T,T,G,G,C1,A,T,T,A,T,G,T,T6,T,C,G,A,G,T,A,A,T,C,A,T,T,C4,T6,A,A4,G,C,C,A,C,T,T,T,T1,C,T,G,T,T,T,G,G,T,A,A,G,G,T,C,C,T6,C,T,T,T,C4,T,T,C,T,T,T6,A4,A,G,T,G,C,T,G,A,G,T,A,C,A,A,G,G,G6,G6,A,G1,T,A,A,C,G,G,T,T,A,G6,A,C,G,T,A,C,T,C,G,G2,A,T,A,A,A,C4,T,A,A,C,T,T,C,G1,T,T6,G,C,A,G,C,T,G,C,A,T,G1,C,C,C,C,C,C,G,A,T,T,T,T,A,A3,C,T1,G,G,C,T,A,C,G3,C6,T,A,T6,A6,G,G,C,T,C,G7,G7,G7,G7,G7,G7,A,A,G6,T,C,A,G,C,G,C4,C,G1,G,T,C,G1,C,T2,T2,A2,G,G,C,C,G,A1,G,T,C,G,T,A,T,G,A,T,C,A,A,G,T,A,G,C4,C,C,C,A,A,T,G,G,G,T6,C,C,G,C,T,C,G,C,G,A,G,G,C,G,G,G,A,G,G,A,A,C,A,A,A,A,C,A,T,G,C6,A,G,A,G,A,T,A,T,G,G6,C6,C,T,A6,A,A,T,A,G,C,C,C6,A,G,G,G,A,T,A,T,C3,A,T,G4,T,A,A,C,A,G,C,T,A,G,C,A,A,C,G,C,T,A,G,C,C,G,T,T,A,C6,C4,A3,T,T,C,T,A,T,C,A,T,G,C,C,G,C,T,G1,T6,A,A,C,A,C,A,C,A,G,A,A,A,G,A,A,T,T,T,A1,A,A,A,C,A,T,G,A,A,C,A,A,A1,A1,C,A,C,C,G,T,G,A,A,G,A,A,T,T,G,G,G,G4,A,G,A,G,G,T6,G,A,T4,A,G,T,G1,A,A1,A6,T,G,C6,T,G,C,A,T,T,T,A,C6,T,T1,C,T,A,C,A,G,T,G,A,C,T,G,A,T,G,T,T,G1,T1,C6,A,A6,T,A,T,T,A,A,T,A7,C,C,A,G,T6,A,T,C,C,G,C,T6,G,C,C6,C6,T,G,G,G,C6,C6,T,T,C1,T,T,G,C,G,C
5_L008_O,C,G,G,T,A6,G6,A,G6,G6,G6,A,G,A6,A,G,G,C1,C,A,G,G,A,T1,A,A,C,C6,C,T,G,G,G,G6,C6,G,C,G,G,T,G,T,T,C,A,A1,T,A1,A6,A,A6,T,C,G,T6,G6,T,C,T,G,T6,T,T,C,A,G,A,T,T,G,G,C1,A,T,T,A,T,G,T,T6,T,C,G,A,G,T,A,A,T,C,A,T6,T,C6,T6,A,A,G6,C6,C,A,C,T,T,T,T1,C,C,G,T,T,T,G6,G,T,A,A,G,G,T,C,C,T6,C,T,T,T,C,T,T,C,T1,T,T6,A,A,G,T,G,C,T,G,A,G1,T,A,C,A,A,G,G,G6,G6,A,G,T,A,A,C6,G6,G,T6,T6,A,G6,A,C,G,T,A,C,T,C,G,G2,A,T,A,A,A,C,T,A,A,C,T,T,C,G1,T,T6,G,C,A,G,C,T,G,C,A6,T,G,C,C1,C,C,C,C,G,A,T,T,T,T,A,A6,C,T,G,G,C,T,A,C,G6,C,T,A,T6,A6,G,G,C,T,C,C7,C7,C7,C7,C7,C7,A,A,G6,T,C,A,G,C,G,C6,C,G,G6,T,C,G1,C,T2,T2,A2,G,G,C,C,G,A6,G,T,C,G,T,A6,T6,G,A,T,C6,A,A,G,T6,A,G,C6,C,C,C,A,A,T,G,G,G,T6,C,C,G,C,T,C,G,C,G,A,G,G,C,G,G,G,A,G,G,A,A,C,A,A,A,A,C,A,T,G,C6,A,G,A,G,A,T,A,T,G,G6,C6,C,T,A6,A,A6,T,A,G,C,C,C6,A,G,G,G,A,T,A,T1,C6,A6,T,G,T,A,A,C,A,G,C,T,A,G,C,A1,A,C,G,C,T,A6,G,C,C,G,T,T,A,C,C,A4,T,T,C,T,A,T,C6,A,T6,G,C,C,G,C,T,G1,T6,A,A,C,A,C,A,C,A1,G,A,A,A,G,A,A,T,T,T,A,A,A,A,C,A,T,G6,A,A,C1,A,A,A1,A1,C1,A,C,C6,G,T,G1,A1,A1,G,A,A,T,T,G,G,G,G,A,G1,A,G,G,T6,G,A,T,A,G,T,G,A,A1,A6,T1,G,C6,T6,G,C,A6,T,T,T,A,C6,T,T1,C,T,A6,C,A,G6,T6,G,A,C,T,G,A6,T6,G,T,T,G1,T1,C6,A,A6,T,A,T,T1,A1,A,T,T6,C,C,A,G,T6,A,T,C,C,G,C,T6,G,C,C6,C6,T,G,G,G,C6,C6,T,T,C1,T,T,G,C,G,C1
60_L008_O,C,G,G,T,A3,G3,A,G6,G6,G6,A,G,A6,A,G,G,C1,C,A,G,G,A,T,A,A,C,C,C,T,G,G,G,G,C,G,C,G,G,T,G,T,T,C,A,A,T,A,A,A,A1,T,C,G,T,G2,T,C,T,G,T,T,T,C,A,G,A,T,T,G,G,C,A,T,T,A,T,G,T,T,T,C,G,A,G,T,A,A,T,C,A,T,T,C4,T6,A,A,G,C,C,A,C,T,T,T,T1,C,T,G,T,T,T,G,G,T,A,A,G,G,T,C,C,T6,C,T,T,T,C,T,T1,C,T1,T,T6,A,A,G,T4,G,C,T,G,A,G,T,A,C,A,A,G,G,G,G,A,G1,T,A,A,C3,G,G,T,T,A,G6,A,C,G,T,A,C,T,C,G,G2,A,T,A,A,A,C,T,A,A,C,T,T,C,G1,T,T6,G,C,A,G,C,T,G,C,A,T,G,C,C1,C,C,C,C,G,A,T,T,T,T,A,A,C,T1,G,G,C,T,A1,C,G4,C,T,A,T3,A,G,G,C,T,C,C,T,C,A1,G,T,A,A,G6,T,C,A,G,C,G,C,C,G,G,T,C,G,C,T2,T2,A2,G,G,C,C,G,A1,G,T,C,G,T,A,T,G,A,T,C1,A,A,G,T,A,G,C,C,C,C,A,A,T,G,G,G,T,C,C,G,C,T,C,G,C,G,A,G,G,C,G,G,G,A,G,G,A,A,C,A,A,A,A,C,A1,T,G,C,A,G,A,G,A,T,A,T,G,G,C,C,T,A6,A,A4,T,A,G,C,C,C,A,G,G,G,A,T,A,T,C6,A,T,G,T,A,A,C,A,G,C,T,A,G,C,A1,A,C,G,C,T,A,G,C,C,G,T,T,A,C,C4,A,T,T,C,T,A1,T,C,A,T,G,C,C,G,C1,T,G,T6,A,A,C,A,C,A,C,A,G,A,A,A4,G,A,A,T,T,T,A,A,A,A,C,A,T,G,A,A,C1,A,A,A1,A,C,A,C,C,G,T,G,A,A,G,A,A,T,T,G,G,G,G,A,G,A,G,G1,T6,G,A,T,A,G1,T,G1,A,A,A1,T1,G,C,T,G,C,A,T,T,T,A,C6,T,T,C,T,A,C,A,G,T,G,A,C,T,G,A4,T,G,T,T,G1,T,C,A,A,T,A,T,T,A1,A,T,T,C,C,A,G,T6,A,T,C,C1,G,C,T,G,C,C6,C6,T,G,G,G,C3,C,T,T,C,T,T,G,C,G,C1
61_L008_O,C,G,G,T1,A,G,A,G6,G6,G6,A,G,A6,A,G,G,C1,C,A,G,G,A,T1,A,A,C,C6,C1,T,G,G,G,G,C,G,C,G,G,T3,G,T,T,C,A,A,T1,A1,A,A,A,T,C,G,T,G2,T,C4,T,G,T,T,T,C,A,G,A,T,T,G,G1,C1,A,T,T,A,T,G,T1,T6,T,C,G,A,G,T,A,A,T,C,A,T,T,C,T6,A,A,G,C,C,A,C,T,T,T,T1,C,T,G,T,T,T,G,G,T,A,A,G,G,T,C,C,T6,C,T,T,T,C,T,T,C,T1,T,T6,A,A,G,T,G,C,T,G,A,G,T,A,C,A,A,G,G,G,G4,A,G,T,A,A,C,G,G,T,T,A,G6,A,C,G,T,A,C,T,C,G,G2,A,T,A,A,A,C,T,A1,A,C,T,T,C,G1,T,T6,G,C,A,G,C,T,G,C,A,T,G,C,C1,C,C,C,C,G,A,T,T,T,T,A,A,C,T1,G,G,C,T,A,C,G,C,T,A,T6,A6,G,G,C,T,C,C,T,C,A1,G,T,A,A,G6,T,C,A,G,C,G,C,C,G,G,T,C,G,C,T2,T,A2,G,G,C,C,G,A6,G,T,C,G,T,A6,T6,G,A,T,C,A,A,G,T6,A,G,C,C,C,C,A,A,T,G,G,G,T,C,C,G,C,T,C,G,C,G1,A,G,G,C,G,G,G,A,G,G,A,A,C,A,A,A,A,C,A,T,G,C6,A,G,A,G,A,T,A,T,G,G6,C6,C,T,A,A,A,T,A,G,C,C,C,A,G,G,G,A,T,A,T1,C,A6,T,G,T,A,A,C,A,G1,C1,T,A,G,C,A1,A,C,G,C,T,A6,G,C,C,G,T,T,A,C4,C,A4,T,T,C,T,A,T,C,A,T,G,C,C,G,C1,T,G,T6,A,A,C,A,C,A,C1,A1,G,A,A,A,G,A,A,T,T,T,A,A,A,A1,C,A,T,G,A,A,C1,A,A,A1,A,C,A,C,C,G,T,G,A,A,G,A,A,T,T,G,G,G1,G,A,G1,A,G,G,T6,G1,A,T,A,G,T,G,A,A,A6,T1,G,C,T,G,C,A,T,T,T,A,C6,T,T,C,T,A,C,A,G,T,G,A,C,T,G,A4,T,G,T,T,G1,T,C6,A,A,T,A,T,T,A1,A,T,T6,C,C,A,G,T6,A,T,C,C1,G,C,T,G,C,C6,C6,T,G,G,G,C6,C6,T,T,C,T,T,G,C,G,C1
62_L008_O,C6,G,G6,T,A6,G6,A,G6,G6,G6,A,G,A6,A,G,G,C1,C,A,G,G,A,T1,A,A,C,C6,C1,T,G,G,G,G6,C6,G,C,G,G,T6,G,T,T,C,A,A,T,A1,A,A,A6,T,C,G,T6,G6,T,C,T,G,T6,T,T,C,A,G,A,T,T,G,G,C1,A,T,T,A,T,G,T,T6,T,C,G,A,G,T,A6,A,T,C,A,T,T,C6,T6,A,A6,G,C,C,A,C,T,T,T,T1,C,T,G,T,T,T,G6,G,T,A,A,G,G,T,C1,C,T6,C,T,T,T,C,T,T,C,T1,T,T6,A,A,G,T,G,C,T,G,A,G1,T,A,C,A,A,G,G,G6,G6,A,G,T,A,A,C,G,G,T1,T6,A,G6,A,C,G,T,A,C,T,C,G,G2,A,T,A,A,A,C,T,A1,A,C,T,T,C,G1,T,T6,G,C,A,G,C,T,G,C,A6,T,G,C,C1,C,C,C,C,G,A,T,T,T,T,A,A6,C,T1,G,G,C,T,A,C,G,C,T,A,T6,A6,G,G,C,T,C,C7,C7,C7,C7,C7,C7,A,A,G6,T,C,A,G,C,G,C6,C,G,G6,T,C,G,C,T2,T6,A2,G,G,C,C,G,A6,G,T,C6,G,T,A6,T6,G,A,T6,C1,A,A,G,T6,A6,G,C6,C,C,C,A,A,T,G,G,G,T,C,C,G,C,T,C,G,C,G1,A,G,G,C,G,G,G,A,G,G,A,A,C,A,A,A,A,C,A,T,G,C6,A,G6,A6,G,A,T,A1,T,G,G6,C6,C,T,A6,A,A6,T,A,G,C,C,C6,A,G,G1,G1,A1,T,A,T,C6,A6,T,G,T,A,A,C,A,G,C,T,A,G,C,A1,A,C,G,C,T,A6,G,C,C,G,T,T,A,C,C4,A,T,T,C,T,A,T,C,A,T6,G,C,C,G,C1,T,G1,T6,A,A,C,A,C,A1,C1,A1,G,A6,A,A,G,A,A,T,T,T,A,A,A,A,C,A,T,G,A6,A,C1,A,A,A1,A,C,A,C,C6,G,T,G,A,A,G,A,A,T,T6,G6,G,G,G,A,G,A,G,G,T6,G,A,T,A,G,T,G,A,A,A6,T1,G,C6,T,G,C,A6,T,T,T,A,C6,T,T,C,T,A6,C,A,G6,T6,G,A,C,T,G,A6,T6,G,T6,T,G,T,C6,A,A6,T,A,T,T,A1,A,T,T6,C,C,A,G,T6,A,T,C,C,G,C,T6,G,C,C6,C6,T,G,G,G,C6,C6,T,T,C,T6,T,G,C,G,C1
63_L008_O,C,G,G,T1,A,G,A6,G6,G6,G6,A,G,A6,A,G,G,C1,C,A,G,G,A,T,A,A,C,C6,C1,T,G,G,G,G,C,G,C,G,G,T1,G,T,T,C,A,A1,T,A1,A,A,A,T,C,G,T6,G6,T,C,T,G,T6,T,T,C,A,G,A,T,T,G,G1,C,A,T,T,A,T,G,T,T6,T,C,G,A,G,T,A,A,T,C,A,T,T,C6,T6,A,A6,G,C,C,A,C,T,T,T,T1,C,T,G,T,T,T,G6,G,T,A,A,G,G,T,C,C,T6,C,T,T,T,C,T,T,C,T1,T,T6,A,A,G,T,G,C,T,G,A,G1,T,A,C,A,A,G,G,G,G6,A,G,T,A,A,C,G,G,T,T,A,G6,A,C,G,T,A,C,T,C,G,G2,A,T,A,A,A,C,T,A1,A,C,T,T,C,G,T,T6,G,C,A,G,C,T,G,C,A,T,G,C,C1,C,C,C1,C,G,A,T,T,T,T,A1,A,C,T1,G,G,C,T,A,C,G,C,T,A,T6,A6,G,G,C,T,C,C,T,C,A1,G,T,A,A,G6,T,C,A,G,C,G,C,C,G,G,T,C,G,C,T2,T6,A2,G,G,C,C,G,A6,G,T,C,G4,T,A6,T6,G,A,T,C,A,A,G,T6,A,G,C,C,C,C,A,A,T,G1,G,G,T6,C,C,G,C,T,C,G,C,G,A,G,G,C,G,G,G,A,G,G,A,A1,C1,A,A,A,A,C,A1,T,G,C6,A,G,A,G,A,T,A1,T,G,G,C,C,T,A,A,A6,T,A,G,C,C,C,A,G,G,G,A,T,A,T1,C6,A6,T,G,T,A,A,C,A,G1,C1,T,A,G,C,A1,A,C,G,C,T,A6,G,C,C,G,T,T,A,C4,C,A,T,T,C,T,A,T,C,A,T6,G,C,C,G,C1,T,G,T6,A,A,C,A,C,A,C1,A,G,A,A,A,G,A,A,T,T,T,A,A,A,A,C,A,T,G,A,A,C1,A1,A,A1,A,C,A,C,C6,G,T,G,A,A6,G,A,A,T,T,G,G,G,G,A,G,A,G,G,T6,G1,A,T,A,G,T,G,A,A1,A6,T1,G,C6,T6,G,C,A6,T,T,T,A,C6,T,T1,C,T,A,C,A,G6,T6,G1,A,C,T,G,A6,T6,G,T,T,G,T,C6,A,A6,T,A,T,T,A1,A,T,T6,C,C,A,G,T6,A,T,C,C1,G,C,T6,G,C,C6,C6,T,G,G,G,C6,C6,T,T,C,T,T,G,C,G,C1
64_L008_O,C,G,G,T1,A6,G6,A6,G6,G6,G6,A,G,A6,A,G,G,C1,C,A,G,G,A,T1,A,A,C,C6,C,T,G,G,G,G6,C6,G,C,G,G,T6,G,T,T,C,A,A,T,A1,A6,A,A,T,C,G,T,G6,T,C4,T,G,T,T1,T,C,A,G,A,T,T,G,G1,C1,A,T,T,A,T,G,T1,T6,T,C6,G6,A,G,T,A,A,T1,C,A,T6,T,C,T6,A,A6,G6,C6,C,A,C,T,T,T,T1,C,T,G,T,T,T,G6,G,T,A,A,G,G,T,C,C,T6,C,T,T,T,C,T,T,C,T1,T,T6,A,A,G,T,G,C,T,G,A,G1,T,A,C,A,A,G,G,G,G6,A,G1,T,A,A,C6,G6,G,T,T,A,G6,A,C,G,T,A,C,T,C,G,G2,A,T,A,A,A,C,T,A1,A,C,T,T,C,G1,T1,T6,G,C,A,G,C,T,G,C,A,T,G,C,C1,C,C,C1,C,G,A,T,T,T,T,A,A,C,T1,G,G,C,T,A1,C1,G,C,T,A,T6,A6,G,G,C,T,C,C,T,C,A1,G,T,A,A,G6,T,C,A,G,C,G,C,C,G,G,T,C,G,C,T2,T6,A2,G,G,C,C,G,A1,G,T,C,G,T,A6,T6,G,A,T,C1,A,A,G6,T6,A6,G,C,C,C,C,A,A,T,G1,G,G,T,C,C,G,C,T,C,G,C,G1,A,G,G,C,G,G1,G,A,G,G,A,A,C,A,A,A,A,C,A,T,G,C,A,G,A,G,A,T,A,T,G,G,C,C,T,A6,A,A6,T,A,G,C,C,C,A,G,G,G,A,T,A,T1,C6,A6,T,G,T,A,A,C,A,G,C,T,A,G,C,A1,A,C,G,C,T,A6,G,C,C,G,T,T,A,C6,C,A,T,T,C,T,A,T,C,A,T6,G,C,C,G,C1,T,G1,T6,A,A,C,A,C,A1,C1,A,G,A,A,A,G,A,A,T,T,T,A1,A,A,A1,C,A,T,G6,A6,A,C1,A,A,A1,A,C1,A,C,C,G,T,G,A,A,G,A,A,T,T,G,G,G,G,A,G1,A,G,G,T6,G1,A,T,A,G,T,G,A,A,A6,T1,G,C6,T,G,C,A,T,T,T,A,C6,T,T1,C,T,A6,C,A,G6,T6,G,A,C,T,G,A6,T6,G,T,T,G1,T,C6,A,A6,T,A,T,T,A1,A,T,T6,C,C,A,G,T6,A,T,C6,C1,G,C,T6,G,C,C6,C6,T,G,G,G,C6,C6,T,T,C,T,T,G,C,G,C1
6_L008_O,C,G,G,T1,A4,G4,A,G6,G6,G6,A,G,A6,A,G,G,C1,C,A,G,G,A,T,A,A,C,C6,C,T,G,G,G,G,C,G,C,G,G,T,G,T,T,C,A,A1,T,A1,A,A,A,T1,C,G,T6,G6,T,C4,T,G,T,T,T,C,A,G,A,T,T,G,G1,C1,A,T,T,A,T,G,T,T6,T,C,G,A,G,T,A,A,T,C,A,T6,T,C,T6,A,A6,G,C,C,A,C,T,T,T,T1,C,C,G,T,T,T,G,G,T,A,A,G,G,T,C,C,T6,C,T,T,T,C,T,T,C,T1,T,T6,A,A,G,T,G,C,T,G,A,G1,T,A,C,A,A,G,G,G4,G6,A,G,T,A,A,C,G,G,T,T,A,G6,A,C,G,T,A,C,T,C,G,G2,A,T,A,A,A,C,T4,A,A,C,T,T,C,G1,T,T6,G,C,A,G,C,T,G,C,A,T,G,C,C1,C,C,C1,C,G,A,T,T,T,T,A,A4,C,T1,G,G,C,T,A,C,G4,C,T,A,T6,A6,G,G,C,T,C,C,T,C,A1,G,T,A,A,G6,T,C,A,G,C,G,C,C,G,G,T,C,G1,C,T2,T2,A2,G,G,C,C,G,A6,G,T,C,G,T,A,T,G,A,T,C1,A,A,G,T,A,G,C4,C,C,C,A,A,T,G,G,G,T4,C,C,G,C,T,C,G,C,G,A,G,G,C,G,G,G,A,G,G,A,A,C,A,A,A,A,C,A,T,G,C6,A,G,A,G,A,T,A,T,G,G,C,C,T,A,A,A,T,A,G,C,C,C,A,G,G,G,A,T,A,T1,C6,A,T,G,T,A,A,C,A,G,C,T,A,G,C,A1,A,C,G,C,T,A,G,C,C,G,T,T,A,C4,C,A4,T,T,C,T,A,T,C,A,T,G,C,C,G,C1,T,G,T6,A,A,C4,A,C,A,C1,A,G,A,A,A,G,A,A,T,T,T,A,A,A,A,C,A,T,G,A,A,C1,A,A,A1,A,C,A,C,C,G,T,G1,A1,A1,G,A,A,T,T,G,G,G,G,A,G,A,G,G,T6,G,A,T,A1,G,T,G,A,A1,A6,T1,G,C,T,G,C,A,T,T,T,A,C6,T,T1,C,T,A,C,A,G,T,G,A,C,T,G,A6,T,G,T,T,G,T,C6,A,A6,T,A,T,T,A1,A,T1,T6,C,C,A,G,T6,A,T,C,C,G,C,T6,G,C,C6,C6,T,G,G,G,C6,C,T,T,C,T,T,G,C,G,C1
7_L008_O,C,G,G6,T,A6,G6,A,G6,G6,G6,A,G,A6,A,G,G,C1,C,A,G,G,A,T,A,A,C,C6,C,T,G,G,G,G6,C6,G,C,G,G,T,G,T,T,C,A,A,T,A1,A,A,A,T1,C,G,T,G6,T,C,T6,G,T6,T1,T,C,A,G,A,T,T,G,G1,C1,A,T,T,A,T,G,T1,T6,T,C,G,A,G,T,A,A,T,C,A,T,T,C,T6,A,A6,G,C,C,A6,C6,T,T,T,T1,C,C,G,T,T,T,G6,G,T,A,A,G,G,T,C,C,T6,C6,T6,T,T,C,T,T,C,T1,T,T6,A,A,G,T4,G,C,T,G,A,G1,T1,A,C,A,A,G,G,G6,G6,A,G,T,A,A,C,G,G,T,T,A,G6,A,C,G6,T,A,C,T,C,G,G2,A,T,A,A,A,C,T,A1,A,C,T,T,C,G1,T,T6,G,C,A,G,C,T,G,C,A,T,G,C,C1,C,C,C1,C,G,A,T,T,T,T,A,A6,C,T1,G,G,C,T,A,C,G6,C,T,A,T6,A6,G,G,C,T,C,C,T,C,A1,G,T,A,A,G6,T,C,A,G,C,G,C6,C,G,G,T6,C,G,C,T2,T2,A2,G,G,C,C,G,A6,G,T,C,G,T,A6,T6,G,A,T,C,A,A,G,T6,A,G,C6,C,C,C,A,A,T,G1,G,G,T6,C,C,G,C,T,C,G,C,G,A,G,G,C,G,G,G,A,G,G,A,A,C,A,A,A,A,C,A1,T,G,C6,A1,G6,A6,G,A,T,A,T,G,G6,C6,C,T,A6,A,A6,T,A,G,C,C,C6,A,G,G,G,A,T,A,T1,C6,A,T6,G6,T,A,A,C,A,G1,C1,T6,A,G,C,A1,A,C,G1,C,T,A6,G,C,C,G,T,T,A,C3,C,A,T,T,C,T,A,T,C6,A,T,G,C,C,G,C1,T,G1,T6,A,A,C,A,C,A,C,A,G,A,A,A,G,A,A,T,T,T,A,A,A,A,C,A6,T,G,A,A,C1,A,A,A1,A,C,A,C,C,G,T,G1,A1,A1,G,A,A6,T,T,G,G,G,G,A,G1,A,G,G,T6,G,A,T,A1,G,T,G,A,A,A6,T,G,C6,T,G,C,A6,T,T,T,A,C6,T,T,C,T,A,C,A,G6,T6,G,A,C,T,G,A6,T,G,T,T,G,T,C6,A,A6,T,A,T,T,A1,A,T,T6,C,C,A,G,T6,A,T,C,C1,G6,C6,T6,G,C,C6,C6,T,G,G,G,C6,C6,T,T,C,T,T,G,C,G,C1
8_L008_O,C,G,G6,T,A6,G6,A,G6,G6,G6,A,G,A6,A,G,G,C1,C,A,G,G,A,T1,A,A,C,C6,C,T,G,G,G,G6,C6,G,C,G,G,T,G,T,T,C,A,A1,T,A1,A,A,A,T,C,G,T,G6,T,C,T6,G,T6,T1,T,C,A,G,A,T,T,G,G1,C1,A,T,T1,A,T,G,T1,T6,T,C,G,A,G,T,A,A,T,C,A,T6,T,C6,T6,A,A6,G,C,C,A,C,T,T,T,T1,C1,C,G,T,T,T,G6,G,T,A,A,G,G,T,C1,C,T6,C,T,T,T,C,T,T1,C,T1,T,T6,A,A,G,T,G,C,T,G,A,G1,T,A,C,A,A,G,G,G6,G6,A,G,T,A,A,C6,G6,G,T6,T6,A,G6,A,C,G,T,A,C,T,C,G,G2,A,T,A,A,A,C,T,A1,A,C,T,T,C,G1,T,T6,G,C,A6,G,C,T,G,C,A6,T,G,C,C1,C,C,C,C,G,A,T,T,T,T,A,A6,C,T1,G6,G,C,T,A,C,G6,C,T,A,T6,A6,G,G,C,T,C,C,T,C,A1,G,T6,A,A,G6,T,C,A,G,C,G,C6,C,G,G6,T6,C6,G,C,T2,T2,A2,G,G,C,C,G,A6,G,T,C,G,T,A6,T6,G,A,T,C,A,A,G,T6,A,G,C,C,C,C,A,A,T,G,G,G,T6,C,C,G,C,T,C,G,C,G,A,G,G,C,G,G,G,A,G,G,A,A,C,A,A,A,A,C,A,T,G,C6,A,G6,A6,G,A,T,A1,T,G,G6,C6,C,T,A6,A,A6,T,A,G,C,C,C6,A,G,G,G,A,T,A,T1,C6,A6,T,G,T,A,A,C,A,G,C,T6,A,G,C,A1,A,C,G1,C,T,A6,G,C,C,G,T,T,A,C,C6,A6,T,T,C,T,A,T,C6,A,T6,G,C,C,G,C1,T,G1,T6,A,A,C,A,C,A,C1,A1,G,A6,A,A,G,A,A,T,T,T,A,A,A,A1,C,A6,T,G,A6,A,C1,A,A,A1,A,C,A,C,C,G,T,G1,A1,A1,G,A,A6,T,T6,G6,G,G1,G,A,G1,A,G,G1,T6,G1,A,T,A,G,T,G,A,A1,A6,T1,G,C6,T,G,C,A6,T,T,T,A,C6,T,T,C,T,A,C,A,G6,T6,G,A,C,T,G6,A6,T6,G,T,T,G,T,C6,A,A6,T,A,T,T,A1,A,T,T6,C,C,A,G,T6,A,T,C,C1,G6,C6,T6,G,C,C6,C6,T,G,G,G,C6,C6,T,T,C6,T6,T,G,C,G,C1
9_L008_O,C,G,G,T,A6,G6,A,G6,G6,G6,A,G,A6,A,G,G,C1,C,A,G,G,A,T,A,A,C,C,C,T,G,G,G,G6,C6,G,C,G,G,T6,G,T,T,C,A,A,T,A1,A,A,A,T,C,G,T,G2,T,C,T,G,T,T1,T,C,A,G,A,T,T,G,G1,C1,A,T,T,A,T,G,T,T6,T,C,G,A,G,T,A,A,T,C,A,T6,T,C,T6,A,A6,G6,C6,C,A,C,T,T,T,T1,C1,C,G,T,T,T,G6,G,T,A,A,G,G,T,C1,C,T6,C,T,T,T,C,T,T,C,T1,T,T6,A,A,G,T,G,C,T,G,A,G1,T,A,C,A,A,G,G,G,G6,A,G,T,A,A,C6,G6,G,T,T,A,G6,A,C,G,T,A,C,T,C,G,G2,A,T,A,A,A,C,T,A1,A,C,T,T,C,G1,T,T6,G,C,A6,G,C,T,G,C,A6,T,G,C,C1,C,C,C1,C,G,A,T,T,T,T,A,A6,C,T1,G,G,C,T,A,C,G,C,T,A,T6,A6,G,G,C,T,C,C7,C7,C7,C7,C7,C7,A,A,G6,T,C,A,G,C,G,C,C,G,G6,T,C,G,C,T2,T2,A2,G,G,C,C,G,A6,G6,T,C,G,T,A6,T6,G,A,T6,C1,A,A,G,T6,A,G,C,C,C,C,A,A,T,G1,G,G,T,C,C,G,C,T,C,G,C,G1,A,G,G,C,G,G,G,A,G,G,A,A,C,A,A,A,A,C,A1,T,G,C6,A,G,A,G,A,T,A1,T,G,G,C,C,T,A6,A,A6,T,A,G,C,C,C,A,G,G,G,A,T,A,T1,C6,A6,T,G,T,A,A,C,A,G,C,T6,A,G,C,A1,A,C,G1,C,T,A6,G,C,C,G,T,T,A,C,C,A,T,T,C,T,A,T,C,A,T,G,C,C,G,C1,T,G,T6,A,A,C,A,C,A,C1,A,G,A,A,A,G,A,A,T,T,T,A,A,A,A1,C,A6,T,G6,A6,A,C1,A,A,A1,A,C,A,C,C,G,T,G1,A1,A1,G,A,A,T,T6,G6,G,G1,G,A,G1,A1,G1,G,T6,G1,A,T,A1,G,T,G,A,A,A6,T1,G,C,T,G,C,A6,T,T,T,A,C6,T,T,C,T,A,C,A,G,T,G,A,C,T,G,A6,T6,G,T,T,G,T,C6,A,A6,T,A,T,T,A1,A,T,T6,C,C,A,G,T6,A,T,C,C1,G6,C6,T6,G,C,C6,C6,T,G,G,G,C6,C6,T,T,C1,T,T,G,C,G,C1
